placement_id,college_id,course_name,average_package_lpa,median_package_lpa,highest_package_lpa,placement_percentage
PLC00001,CLG0001,B.Tech,20.83,NULL,268,79.7
PLC00002,CLG0001,B.Tech,20.83,NULL,268,79.7
PLC00003,CLG0001,B.Tech,20.83,NULL,268,79.7
PLC00004,CLG0001,M.Tech,20.83,NULL,268,79.7
PLC00005,CLG0002,B.Tech,23.5,17.92,367,83.39
PLC00006,CLG0002,B.Tech,23.5,17.92,367,83.39
PLC00007,CLG0002,B.Tech,23.5,17.92,367,83.39
PLC00008,CLG0002,M.Tech,23.5,17.92,367,83.39
PLC00009,CLG0003,B.Tech,22.0,19.0,133,NULL
PLC00010,CLG0003,B.Tech,22.0,19.0,133,NULL
PLC00011,CLG0003,B.Tech,22.0,19.0,133,NULL
PLC00012,CLG0003,M.Tech,22.0,19.0,133,NULL
PLC00013,CLG0004,B.Tech,24.0,21.7,190,NULL
PLC00014,CLG0004,B.Tech,24.0,21.7,190,NULL
PLC00015,CLG0004,B.Tech,24.0,21.7,190,NULL
PLC00016,CLG0004,M.Tech,24.0,21.7,190,NULL
PLC00017,CLG0005,B.Tech,36.9,20.0,205,89.41
PLC00018,CLG0005,B.Tech,36.9,20.0,205,89.41
PLC00019,CLG0005,B.Tech,36.9,20.0,205,89.41
PLC00020,CLG0005,M.Tech,36.9,20.0,205,89.41
PLC00021,CLG0006,B.Tech,25.75,21.6,52,NULL
PLC00022,CLG0006,B.Tech,25.75,21.6,52,NULL
PLC00023,CLG0006,B.Tech,25.75,21.6,52,NULL
PLC00024,CLG0006,M.Tech,25.75,21.6,52,NULL
PLC00025,CLG0007,B.Tech,NULL,NULL,NULL,NULL
PLC00026,CLG0007,B.Tech,NULL,NULL,NULL,NULL
PLC00027,CLG0007,B.Tech,NULL,NULL,NULL,NULL
PLC00028,CLG0007,M.Tech,NULL,NULL,NULL,NULL
PLC00029,CLG0008,B.Tech,NULL,NULL,NULL,NULL
PLC00030,CLG0008,B.Tech,NULL,NULL,NULL,NULL
PLC00031,CLG0008,B.Tech,NULL,NULL,NULL,NULL
PLC00032,CLG0008,M.Tech,NULL,NULL,NULL,NULL
PLC00033,CLG0009,B.Tech,NULL,NULL,NULL,NULL
PLC00034,CLG0009,B.Tech,NULL,NULL,NULL,NULL
PLC00035,CLG0009,B.Tech,NULL,NULL,NULL,NULL
PLC00036,CLG0009,M.Tech,NULL,NULL,NULL,NULL
PLC00037,CLG0010,B.Tech,NULL,NULL,NULL,NULL
PLC00038,CLG0010,B.Tech,NULL,NULL,NULL,NULL
PLC00039,CLG0010,B.Tech,NULL,NULL,NULL,NULL
PLC00040,CLG0010,M.Tech,NULL,NULL,NULL,NULL
PLC00041,CLG0011,B.Tech,22.5,NULL,90,88.89
PLC00042,CLG0011,B.Tech,22.5,NULL,90,88.89
PLC00043,CLG0011,B.Tech,22.5,NULL,90,88.89
PLC00044,CLG0011,M.Tech,22.5,NULL,90,88.89
PLC00045,CLG0012,B.Tech,NULL,NULL,NULL,NULL
PLC00046,CLG0012,B.Tech,NULL,NULL,NULL,NULL
PLC00047,CLG0012,B.Tech,NULL,NULL,NULL,NULL
PLC00048,CLG0012,M.Tech,NULL,NULL,NULL,NULL
PLC00049,CLG0013,B.Tech,NULL,NULL,NULL,NULL
PLC00050,CLG0013,B.Tech,NULL,NULL,NULL,NULL
PLC00051,CLG0013,B.Tech,NULL,NULL,NULL,NULL
PLC00052,CLG0013,M.Tech,NULL,NULL,NULL,NULL
PLC00053,CLG0014,B.Tech,NULL,NULL,NULL,NULL
PLC00054,CLG0014,B.Tech,NULL,NULL,NULL,NULL
PLC00055,CLG0014,B.Tech,NULL,NULL,NULL,NULL
PLC00056,CLG0014,M.Tech,NULL,NULL,NULL,NULL
PLC00057,CLG0015,B.Tech,NULL,NULL,NULL,NULL
PLC00058,CLG0015,B.Tech,NULL,NULL,NULL,NULL
PLC00059,CLG0015,B.Tech,NULL,NULL,NULL,NULL
PLC00060,CLG0015,M.Tech,NULL,NULL,NULL,NULL
PLC00061,CLG0016,B.Tech,NULL,NULL,NULL,NULL
PLC00062,CLG0016,B.Tech,NULL,NULL,NULL,NULL
PLC00063,CLG0016,B.Tech,NULL,NULL,NULL,NULL
PLC00064,CLG0016,M.Tech,NULL,NULL,NULL,NULL
PLC00065,CLG0017,B.Tech,15.88,NULL,41.6,95.0
PLC00066,CLG0017,B.Tech,15.88,NULL,41.6,95.0
PLC00067,CLG0017,B.Tech,15.88,NULL,41.6,95.0
PLC00068,CLG0017,M.Tech,15.88,NULL,41.6,95.0
PLC00069,CLG0018,B.Tech,NULL,NULL,NULL,NULL
PLC00070,CLG0018,B.Tech,NULL,NULL,NULL,NULL
PLC00071,CLG0018,B.Tech,NULL,NULL,NULL,NULL
PLC00072,CLG0018,M.Tech,NULL,NULL,NULL,NULL
PLC00073,CLG0019,B.Tech,NULL,NULL,NULL,76.36
PLC00074,CLG0019,B.Tech,NULL,NULL,NULL,76.36
PLC00075,CLG0019,B.Tech,NULL,NULL,NULL,76.36
PLC00076,CLG0019,M.Tech,NULL,NULL,NULL,76.36
PLC00077,CLG0020,B.Tech,NULL,NULL,NULL,NULL
PLC00078,CLG0020,B.Tech,NULL,NULL,NULL,NULL
PLC00079,CLG0020,B.Tech,NULL,NULL,NULL,NULL
PLC00080,CLG0020,M.Tech,NULL,NULL,NULL,NULL
PLC00081,CLG0021,B.Tech,NULL,NULL,NULL,NULL
PLC00082,CLG0021,B.Tech,NULL,NULL,NULL,NULL
PLC00083,CLG0021,B.Tech,NULL,NULL,NULL,NULL
PLC00084,CLG0021,M.Tech,NULL,NULL,NULL,NULL
PLC00085,CLG0022,B.Tech,NULL,NULL,NULL,NULL
PLC00086,CLG0022,B.Tech,NULL,NULL,NULL,NULL
PLC00087,CLG0022,B.Tech,NULL,NULL,NULL,NULL
PLC00088,CLG0022,M.Tech,NULL,NULL,NULL,NULL
PLC00089,CLG0023,B.Tech,NULL,NULL,NULL,NULL
PLC00090,CLG0023,B.Tech,NULL,NULL,NULL,NULL
PLC00091,CLG0023,B.Tech,NULL,NULL,NULL,NULL
PLC00092,CLG0023,M.Tech,NULL,NULL,NULL,NULL
PLC00093,CLG0024,B.Tech,22.03,NULL,50,100.0
PLC00094,CLG0024,B.Tech,22.03,NULL,50,100.0
PLC00095,CLG0024,B.Tech,22.03,NULL,50,100.0
PLC00096,CLG0024,M.Tech,22.03,NULL,50,100.0
PLC00097,CLG0025,B.Tech,21.91,NULL,58,100.0
PLC00098,CLG0025,B.Tech,21.91,NULL,58,100.0
PLC00099,CLG0025,B.Tech,21.91,NULL,58,100.0
PLC00100,CLG0025,M.Tech,21.91,NULL,58,100.0
PLC00101,CLG0026,B.Tech,13.43,NULL,120,100.0
PLC00102,CLG0026,B.Tech,13.43,NULL,120,100.0
PLC00103,CLG0026,B.Tech,13.43,NULL,120,100.0
PLC00104,CLG0026,M.Tech,13.43,NULL,120,100.0
PLC00105,CLG0027,B.Tech,15.6,12.5,88,76.0
PLC00106,CLG0027,B.Tech,15.6,12.5,88,76.0
PLC00107,CLG0027,B.Tech,15.6,12.5,88,76.0
PLC00108,CLG0027,M.Tech,15.6,12.5,88,76.0
PLC00109,CLG0028,B.Tech,NULL,NULL,NULL,NULL
PLC00110,CLG0028,B.Tech,NULL,NULL,NULL,NULL
PLC00111,CLG0028,B.Tech,NULL,NULL,NULL,NULL
PLC00112,CLG0028,M.Tech,NULL,NULL,NULL,NULL
PLC00113,CLG0029,B.Tech,22.03,NULL,47,100.0
PLC00114,CLG0029,B.Tech,22.03,NULL,47,100.0
PLC00115,CLG0029,B.Tech,22.03,NULL,47,100.0
PLC00116,CLG0029,M.Tech,22.03,NULL,47,100.0
PLC00117,CLG0030,B.Tech,20.96,NULL,57.75,83.9
PLC00118,CLG0030,B.Tech,20.96,NULL,57.75,83.9
PLC00119,CLG0030,B.Tech,20.96,NULL,57.75,83.9
PLC00120,CLG0030,M.Tech,20.96,NULL,57.75,83.9
PLC00121,CLG0031,B.Tech,11.0,NULL,24,82.0
PLC00122,CLG0031,B.Tech,11.0,NULL,24,82.0
PLC00123,CLG0031,B.Tech,11.0,NULL,24,82.0
PLC00124,CLG0031,M.Tech,11.0,NULL,24,82.0
PLC00125,CLG0032,B.Tech,NULL,NULL,NULL,NULL
PLC00126,CLG0032,B.Tech,NULL,NULL,NULL,NULL
PLC00127,CLG0032,B.Tech,NULL,NULL,NULL,NULL
PLC00128,CLG0032,M.Tech,NULL,NULL,NULL,NULL
PLC00129,CLG0033,B.Tech,NULL,NULL,NULL,NULL
PLC00130,CLG0033,B.Tech,NULL,NULL,NULL,NULL
PLC00131,CLG0033,B.Tech,NULL,NULL,NULL,NULL
PLC00132,CLG0033,M.Tech,NULL,NULL,NULL,NULL
PLC00133,CLG0034,B.Tech,NULL,NULL,NULL,NULL
PLC00134,CLG0034,B.Tech,NULL,NULL,NULL,NULL
PLC00135,CLG0034,B.Tech,NULL,NULL,NULL,NULL
PLC00136,CLG0034,M.Tech,NULL,NULL,NULL,NULL
PLC00137,CLG0035,B.Tech,NULL,NULL,NULL,NULL
PLC00138,CLG0035,B.Tech,NULL,NULL,NULL,NULL
PLC00139,CLG0035,B.Tech,NULL,NULL,NULL,NULL
PLC00140,CLG0035,M.Tech,NULL,NULL,NULL,NULL
PLC00141,CLG0036,B.Tech,14.0,NULL,112,82.0
PLC00142,CLG0036,B.Tech,14.0,NULL,112,82.0
PLC00143,CLG0036,B.Tech,14.0,NULL,112,82.0
PLC00144,CLG0036,M.Tech,14.0,NULL,112,82.0
PLC00145,CLG0037,B.Tech,NULL,NULL,NULL,NULL
PLC00146,CLG0037,B.Tech,NULL,NULL,NULL,NULL
PLC00147,CLG0037,B.Tech,NULL,NULL,NULL,NULL
PLC00148,CLG0037,M.Tech,NULL,NULL,NULL,NULL
PLC00149,CLG0038,B.Tech,9.9,NULL,41.37,90.0
PLC00150,CLG0038,B.Tech,9.9,NULL,41.37,90.0
PLC00151,CLG0038,B.Tech,9.9,NULL,41.37,90.0
PLC00152,CLG0038,M.Tech,9.9,NULL,41.37,90.0
PLC00153,CLG0039,B.Tech,12.0,NULL,55,92.0
PLC00154,CLG0039,B.Tech,12.0,NULL,55,92.0
PLC00155,CLG0039,B.Tech,12.0,NULL,55,92.0
PLC00156,CLG0039,M.Tech,12.0,NULL,55,92.0
PLC00157,CLG0040,B.Tech,NULL,NULL,NULL,NULL
PLC00158,CLG0040,B.Tech,NULL,NULL,NULL,NULL
PLC00159,CLG0040,B.Tech,NULL,NULL,NULL,NULL
PLC00160,CLG0040,M.Tech,NULL,NULL,NULL,NULL
PLC00161,CLG0041,B.Tech,NULL,NULL,NULL,NULL
PLC00162,CLG0041,B.Tech,NULL,NULL,NULL,NULL
PLC00163,CLG0041,B.Tech,NULL,NULL,NULL,NULL
PLC00164,CLG0041,M.Tech,NULL,NULL,NULL,NULL
PLC00165,CLG0042,B.Tech,NULL,NULL,NULL,NULL
PLC00166,CLG0042,B.Tech,NULL,NULL,NULL,NULL
PLC00167,CLG0042,B.Tech,NULL,NULL,NULL,NULL
PLC00168,CLG0042,M.Tech,NULL,NULL,NULL,NULL
PLC00169,CLG0043,B.Tech,NULL,NULL,NULL,NULL
PLC00170,CLG0043,B.Tech,NULL,NULL,NULL,NULL
PLC00171,CLG0043,B.Tech,NULL,NULL,NULL,NULL
PLC00172,CLG0043,M.Tech,NULL,NULL,NULL,NULL
PLC00173,CLG0044,B.Tech,NULL,NULL,NULL,NULL
PLC00174,CLG0044,B.Tech,NULL,NULL,NULL,NULL
PLC00175,CLG0044,B.Tech,NULL,NULL,NULL,NULL
PLC00176,CLG0044,M.Tech,NULL,NULL,NULL,NULL
PLC00177,CLG0045,B.Tech,NULL,NULL,NULL,NULL
PLC00178,CLG0045,B.Tech,NULL,NULL,NULL,NULL
PLC00179,CLG0045,B.Tech,NULL,NULL,NULL,NULL
PLC00180,CLG0045,M.Tech,NULL,NULL,NULL,NULL
PLC00181,CLG0046,B.Tech,NULL,NULL,NULL,NULL
PLC00182,CLG0046,B.Tech,NULL,NULL,NULL,NULL
PLC00183,CLG0046,B.Tech,NULL,NULL,NULL,NULL
PLC00184,CLG0046,M.Tech,NULL,NULL,NULL,NULL
PLC00185,CLG0047,B.Tech,NULL,NULL,NULL,NULL
PLC00186,CLG0047,B.Tech,NULL,NULL,NULL,NULL
PLC00187,CLG0047,B.Tech,NULL,NULL,NULL,NULL
PLC00188,CLG0047,M.Tech,NULL,NULL,NULL,NULL
PLC00189,CLG0048,B.Tech,17.72,NULL,82,90.0
PLC00190,CLG0048,B.Tech,17.72,NULL,82,90.0
PLC00191,CLG0048,B.Tech,17.72,NULL,82,90.0
PLC00192,CLG0048,M.Tech,17.72,NULL,82,90.0
PLC00193,CLG0049,B.Tech,NULL,NULL,NULL,NULL
PLC00194,CLG0049,B.Tech,NULL,NULL,NULL,NULL
PLC00195,CLG0049,B.Tech,NULL,NULL,NULL,NULL
PLC00196,CLG0049,M.Tech,NULL,NULL,NULL,NULL
PLC00197,CLG0050,B.Tech,NULL,NULL,NULL,NULL
PLC00198,CLG0050,B.Tech,NULL,NULL,NULL,NULL
PLC00199,CLG0050,B.Tech,NULL,NULL,NULL,NULL
PLC00200,CLG0050,M.Tech,NULL,NULL,NULL,NULL
PLC00201,CLG0051,B.Tech,NULL,NULL,NULL,NULL
PLC00202,CLG0051,B.Tech,NULL,NULL,NULL,NULL
PLC00203,CLG0051,B.Tech,NULL,NULL,NULL,NULL
PLC00204,CLG0051,M.Tech,NULL,NULL,NULL,NULL
PLC00205,CLG0052,B.Tech,20.4,NULL,64,66.0
PLC00206,CLG0052,B.Tech,20.4,NULL,64,66.0
PLC00207,CLG0052,B.Tech,20.4,NULL,64,66.0
PLC00208,CLG0052,M.Tech,20.4,NULL,64,66.0
PLC00209,CLG0053,B.Tech,NULL,NULL,NULL,NULL
PLC00210,CLG0053,B.Tech,NULL,NULL,NULL,NULL
PLC00211,CLG0053,B.Tech,NULL,NULL,NULL,NULL
PLC00212,CLG0053,M.Tech,NULL,NULL,NULL,NULL
PLC00213,CLG0054,B.Tech,NULL,NULL,NULL,NULL
PLC00214,CLG0054,B.Tech,NULL,NULL,NULL,NULL
PLC00215,CLG0054,B.Tech,NULL,NULL,NULL,NULL
PLC00216,CLG0054,M.Tech,NULL,NULL,NULL,NULL
PLC00217,CLG0055,B.Tech,NULL,NULL,NULL,NULL
PLC00218,CLG0055,B.Tech,NULL,NULL,NULL,NULL
PLC00219,CLG0055,M.Tech,NULL,NULL,NULL,NULL
PLC00220,CLG0055,M.Tech,NULL,NULL,NULL,NULL
PLC00221,CLG0056,B.Tech,NULL,NULL,NULL,NULL
PLC00222,CLG0056,B.Tech,NULL,NULL,NULL,NULL
PLC00223,CLG0056,M.Tech,NULL,NULL,NULL,NULL
PLC00224,CLG0056,M.Tech,NULL,NULL,NULL,NULL
PLC00225,CLG0057,B.Tech,NULL,NULL,NULL,NULL
PLC00226,CLG0057,B.Tech,NULL,NULL,NULL,NULL
PLC00227,CLG0057,M.Tech,NULL,NULL,NULL,NULL
PLC00228,CLG0057,M.Tech,NULL,NULL,NULL,NULL
PLC00229,CLG0058,B.Tech,NULL,NULL,NULL,NULL
PLC00230,CLG0058,B.Tech,NULL,NULL,NULL,NULL
PLC00231,CLG0058,M.Tech,NULL,NULL,NULL,NULL
PLC00232,CLG0058,M.Tech,NULL,NULL,NULL,NULL
PLC00233,CLG0059,B.Tech,NULL,NULL,NULL,NULL
PLC00234,CLG0059,B.Tech,NULL,NULL,NULL,NULL
PLC00235,CLG0059,M.Tech,NULL,NULL,NULL,NULL
PLC00236,CLG0059,M.Tech,NULL,NULL,NULL,NULL
PLC00237,CLG0060,B.Tech,NULL,NULL,NULL,NULL
PLC00238,CLG0060,B.Tech,NULL,NULL,NULL,NULL
PLC00239,CLG0060,M.Tech,NULL,NULL,NULL,NULL
PLC00240,CLG0060,M.Tech,NULL,NULL,NULL,NULL
PLC00241,CLG0061,B.Tech,NULL,NULL,NULL,NULL
PLC00242,CLG0061,B.Tech,NULL,NULL,NULL,NULL
PLC00243,CLG0061,M.Tech,NULL,NULL,NULL,NULL
PLC00244,CLG0061,M.Tech,NULL,NULL,NULL,NULL
PLC00245,CLG0062,B.Tech,NULL,NULL,NULL,NULL
PLC00246,CLG0062,B.Tech,NULL,NULL,NULL,NULL
PLC00247,CLG0062,M.Tech,NULL,NULL,NULL,NULL
PLC00248,CLG0062,M.Tech,NULL,NULL,NULL,NULL
PLC00249,CLG0063,B.Tech,NULL,NULL,NULL,NULL
PLC00250,CLG0063,B.Tech,NULL,NULL,NULL,NULL
PLC00251,CLG0063,M.Tech,NULL,NULL,NULL,NULL
PLC00252,CLG0063,M.Tech,NULL,NULL,NULL,NULL
PLC00253,CLG0064,B.Tech,NULL,NULL,NULL,NULL
PLC00254,CLG0064,B.Tech,NULL,NULL,NULL,NULL
PLC00255,CLG0064,M.Tech,NULL,NULL,NULL,NULL
PLC00256,CLG0064,M.Tech,NULL,NULL,NULL,NULL
PLC00257,CLG0065,B.Tech,NULL,NULL,NULL,NULL
PLC00258,CLG0065,B.Tech,NULL,NULL,NULL,NULL
PLC00259,CLG0065,M.Tech,NULL,NULL,NULL,NULL
PLC00260,CLG0065,M.Tech,NULL,NULL,NULL,NULL
PLC00261,CLG0066,B.Tech,NULL,NULL,NULL,NULL
PLC00262,CLG0066,B.Tech,NULL,NULL,NULL,NULL
PLC00263,CLG0066,M.Tech,NULL,NULL,NULL,NULL
PLC00264,CLG0066,M.Tech,NULL,NULL,NULL,NULL
PLC00265,CLG0067,B.Tech,NULL,NULL,NULL,NULL
PLC00266,CLG0067,B.Tech,NULL,NULL,NULL,NULL
PLC00267,CLG0067,M.Tech,NULL,NULL,NULL,NULL
PLC00268,CLG0067,M.Tech,NULL,NULL,NULL,NULL
PLC00269,CLG0068,B.Tech,NULL,NULL,NULL,NULL
PLC00270,CLG0068,B.Tech,NULL,NULL,NULL,NULL
PLC00271,CLG0068,M.Tech,NULL,NULL,NULL,NULL
PLC00272,CLG0068,M.Tech,NULL,NULL,NULL,NULL
PLC00273,CLG0069,B.Tech,NULL,NULL,NULL,NULL
PLC00274,CLG0069,B.Tech,NULL,NULL,NULL,NULL
PLC00275,CLG0069,M.Tech,NULL,NULL,NULL,NULL
PLC00276,CLG0069,M.Tech,NULL,NULL,NULL,NULL
PLC00277,CLG0070,B.Tech,NULL,NULL,NULL,NULL
PLC00278,CLG0070,B.Tech,NULL,NULL,NULL,NULL
PLC00279,CLG0070,M.Tech,NULL,NULL,NULL,NULL
PLC00280,CLG0070,M.Tech,NULL,NULL,NULL,NULL
PLC00281,CLG0071,B.Tech,NULL,NULL,NULL,NULL
PLC00282,CLG0071,B.Tech,NULL,NULL,NULL,NULL
PLC00283,CLG0071,M.Tech,NULL,NULL,NULL,NULL
PLC00284,CLG0071,M.Tech,NULL,NULL,NULL,NULL
PLC00285,CLG0072,B.Tech,NULL,NULL,NULL,NULL
PLC00286,CLG0072,B.Tech,NULL,NULL,NULL,NULL
PLC00287,CLG0072,M.Tech,NULL,NULL,NULL,NULL
PLC00288,CLG0072,M.Tech,NULL,NULL,NULL,NULL
PLC00289,CLG0073,B.Tech,NULL,NULL,NULL,NULL
PLC00290,CLG0073,B.Tech,NULL,NULL,NULL,NULL
PLC00291,CLG0073,M.Tech,NULL,NULL,NULL,NULL
PLC00292,CLG0073,M.Tech,NULL,NULL,NULL,NULL
PLC00293,CLG0074,B.Tech,NULL,NULL,NULL,NULL
PLC00294,CLG0074,B.Tech,NULL,NULL,NULL,NULL
PLC00295,CLG0074,M.Tech,NULL,NULL,NULL,NULL
PLC00296,CLG0074,M.Tech,NULL,NULL,NULL,NULL
PLC00297,CLG0075,B.Tech,NULL,NULL,NULL,NULL
PLC00298,CLG0075,B.Tech,NULL,NULL,NULL,NULL
PLC00299,CLG0075,M.Tech,NULL,NULL,NULL,NULL
PLC00300,CLG0075,M.Tech,NULL,NULL,NULL,NULL
PLC00301,CLG0076,B.Tech,NULL,NULL,NULL,NULL
PLC00302,CLG0076,B.Tech,NULL,NULL,NULL,NULL
PLC00303,CLG0076,M.Tech,NULL,NULL,NULL,NULL
PLC00304,CLG0076,M.Tech,NULL,NULL,NULL,NULL
PLC00305,CLG0077,B.Tech,NULL,NULL,NULL,NULL
PLC00306,CLG0077,B.Tech,NULL,NULL,NULL,NULL
PLC00307,CLG0077,M.Tech,NULL,NULL,NULL,NULL
PLC00308,CLG0077,M.Tech,NULL,NULL,NULL,NULL
PLC00309,CLG0078,B.Tech,NULL,NULL,NULL,NULL
PLC00310,CLG0078,B.Tech,NULL,NULL,NULL,NULL
PLC00311,CLG0078,M.Tech,NULL,NULL,NULL,NULL
PLC00312,CLG0078,M.Tech,NULL,NULL,NULL,NULL
PLC00313,CLG0079,B.Tech,NULL,NULL,NULL,NULL
PLC00314,CLG0079,B.Tech,NULL,NULL,NULL,NULL
PLC00315,CLG0079,M.Tech,NULL,NULL,NULL,NULL
PLC00316,CLG0079,M.Tech,NULL,NULL,NULL,NULL
PLC00317,CLG0080,MBA,37.15,31.58,110,100.0
PLC00318,CLG0080,MBA,37.15,31.58,110,100.0
PLC00319,CLG0080,MBA,37.15,31.58,110,100.0
PLC00320,CLG0080,Executive MBA,37.15,31.58,110,100.0
PLC00321,CLG0081,MBA,35.92,32.5,80,100.0
PLC00322,CLG0081,MBA,35.92,32.5,80,100.0
PLC00323,CLG0081,MBA,35.92,32.5,80,100.0
PLC00324,CLG0081,Executive MBA,35.92,32.5,80,100.0
PLC00325,CLG0082,MBA,28.05,NULL,NULL,100.0
PLC00326,CLG0082,MBA,28.05,NULL,NULL,100.0
PLC00327,CLG0082,MBA,28.05,NULL,NULL,100.0
PLC00328,CLG0082,Executive MBA,28.05,NULL,NULL,100.0
PLC00329,CLG0083,MBA,35.07,NULL,120,100.0
PLC00330,CLG0083,MBA,35.07,NULL,120,100.0
PLC00331,CLG0083,MBA,35.07,NULL,120,100.0
PLC00332,CLG0083,Executive MBA,35.07,NULL,120,100.0
PLC00333,CLG0084,MBA,30.0,NULL,NULL,100.0
PLC00334,CLG0084,MBA,30.0,NULL,NULL,100.0
PLC00335,CLG0084,MBA,30.0,NULL,NULL,100.0
PLC00336,CLG0084,Executive MBA,30.0,NULL,NULL,100.0
PLC00337,CLG0085,MBA,25.68,NULL,114,100.0
PLC00338,CLG0085,MBA,25.68,NULL,114,100.0
PLC00339,CLG0085,MBA,25.68,NULL,114,100.0
PLC00340,CLG0085,Executive MBA,25.68,NULL,114,100.0
PLC00341,CLG0086,MBA,NULL,NULL,NULL,NULL
PLC00342,CLG0086,MBA,NULL,NULL,NULL,NULL
PLC00343,CLG0086,MBA,NULL,NULL,NULL,NULL
PLC00344,CLG0086,Executive MBA,NULL,NULL,NULL,NULL
PLC00345,CLG0087,MBA,NULL,NULL,NULL,NULL
PLC00346,CLG0087,MBA,NULL,NULL,NULL,NULL
PLC00347,CLG0087,MBA,NULL,NULL,NULL,NULL
PLC00348,CLG0087,Executive MBA,NULL,NULL,NULL,NULL
PLC00349,CLG0088,MBA,19.27,NULL,NULL,NULL
PLC00350,CLG0088,MBA,19.27,NULL,NULL,NULL
PLC00351,CLG0088,MBA,19.27,NULL,NULL,NULL
PLC00352,CLG0088,Executive MBA,19.27,NULL,NULL,NULL
PLC00353,CLG0089,MBA,18.69,NULL,NULL,NULL
PLC00354,CLG0089,MBA,18.69,NULL,NULL,NULL
PLC00355,CLG0089,MBA,18.69,NULL,NULL,NULL
PLC00356,CLG0089,Executive MBA,18.69,NULL,NULL,NULL
PLC00357,CLG0090,MBA,NULL,NULL,NULL,NULL
PLC00358,CLG0090,MBA,NULL,NULL,NULL,NULL
PLC00359,CLG0090,MBA,NULL,NULL,NULL,NULL
PLC00360,CLG0090,Executive MBA,NULL,NULL,NULL,NULL
PLC00361,CLG0091,MBA,NULL,NULL,NULL,NULL
PLC00362,CLG0091,MBA,NULL,NULL,NULL,NULL
PLC00363,CLG0091,MBA,NULL,NULL,NULL,NULL
PLC00364,CLG0091,Executive MBA,NULL,NULL,NULL,NULL
PLC00365,CLG0092,MBA,NULL,NULL,NULL,NULL
PLC00366,CLG0092,MBA,NULL,NULL,NULL,NULL
PLC00367,CLG0092,MBA,NULL,NULL,NULL,NULL
PLC00368,CLG0092,Executive MBA,NULL,NULL,NULL,NULL
PLC00369,CLG0093,MBA,NULL,NULL,NULL,NULL
PLC00370,CLG0093,MBA,NULL,NULL,NULL,NULL
PLC00371,CLG0093,MBA,NULL,NULL,NULL,NULL
PLC00372,CLG0093,Executive MBA,NULL,NULL,NULL,NULL
PLC00373,CLG0094,MBA,16.61,NULL,NULL,100.0
PLC00374,CLG0094,MBA,16.61,NULL,NULL,100.0
PLC00375,CLG0094,MBA,16.61,NULL,NULL,100.0
PLC00376,CLG0094,Executive MBA,16.61,NULL,NULL,100.0
PLC00377,CLG0095,MBA,NULL,NULL,NULL,NULL
PLC00378,CLG0095,MBA,NULL,NULL,NULL,NULL
PLC00379,CLG0095,MBA,NULL,NULL,NULL,NULL
PLC00380,CLG0095,Executive MBA,NULL,NULL,NULL,NULL
PLC00381,CLG0096,MBA,NULL,NULL,NULL,NULL
PLC00382,CLG0096,MBA,NULL,NULL,NULL,NULL
PLC00383,CLG0096,MBA,NULL,NULL,NULL,NULL
PLC00384,CLG0096,Executive MBA,NULL,NULL,NULL,NULL
PLC00385,CLG0097,MBA,NULL,NULL,NULL,NULL
PLC00386,CLG0097,MBA,NULL,NULL,NULL,NULL
PLC00387,CLG0097,MBA,NULL,NULL,NULL,NULL
PLC00388,CLG0097,Executive MBA,NULL,NULL,NULL,NULL
PLC00389,CLG0098,MBA,NULL,NULL,NULL,NULL
PLC00390,CLG0098,MBA,NULL,NULL,NULL,NULL
PLC00391,CLG0098,MBA,NULL,NULL,NULL,NULL
PLC00392,CLG0098,Executive MBA,NULL,NULL,NULL,NULL
PLC00393,CLG0099,MBA,NULL,NULL,NULL,NULL
PLC00394,CLG0099,MBA,NULL,NULL,NULL,NULL
PLC00395,CLG0099,MBA,NULL,NULL,NULL,NULL
PLC00396,CLG0099,Executive MBA,NULL,NULL,NULL,NULL
PLC00397,CLG0100,MBA,NULL,NULL,NULL,NULL
PLC00398,CLG0100,MBA,NULL,NULL,NULL,NULL
PLC00399,CLG0100,MBA,NULL,NULL,NULL,NULL
PLC00400,CLG0100,Executive MBA,NULL,NULL,NULL,NULL
PLC00401,CLG0101,MBBS,NULL,NULL,NULL,NULL
PLC00402,CLG0101,MD,NULL,NULL,NULL,NULL
PLC00403,CLG0101,MS,NULL,NULL,NULL,NULL
PLC00404,CLG0101,B.Sc Nursing,NULL,NULL,NULL,NULL
PLC00405,CLG0102,MBBS,NULL,NULL,NULL,NULL
PLC00406,CLG0102,MD,NULL,NULL,NULL,NULL
PLC00407,CLG0102,MS,NULL,NULL,NULL,NULL
PLC00408,CLG0102,B.Sc Nursing,NULL,NULL,NULL,NULL
PLC00409,CLG0103,MBBS,NULL,NULL,NULL,NULL
PLC00410,CLG0103,MD,NULL,NULL,NULL,NULL
PLC00411,CLG0103,MS,NULL,NULL,NULL,NULL
PLC00412,CLG0103,B.Sc Nursing,NULL,NULL,NULL,NULL
PLC00413,CLG0104,MBBS,NULL,NULL,NULL,NULL
PLC00414,CLG0104,MD,NULL,NULL,NULL,NULL
PLC00415,CLG0104,MS,NULL,NULL,NULL,NULL
PLC00416,CLG0104,B.Sc Nursing,NULL,NULL,NULL,NULL
PLC00417,CLG0105,MBBS,NULL,NULL,NULL,NULL
PLC00418,CLG0105,MD,NULL,NULL,NULL,NULL
PLC00419,CLG0105,MS,NULL,NULL,NULL,NULL
PLC00420,CLG0105,B.Sc Nursing,NULL,NULL,NULL,NULL
PLC00421,CLG0106,MBBS,NULL,NULL,NULL,NULL
PLC00422,CLG0106,MD,NULL,NULL,NULL,NULL
PLC00423,CLG0106,MS,NULL,NULL,NULL,NULL
PLC00424,CLG0106,B.Sc Nursing,NULL,NULL,NULL,NULL
PLC00425,CLG0107,MBBS,NULL,NULL,NULL,NULL
PLC00426,CLG0107,MD,NULL,NULL,NULL,NULL
PLC00427,CLG0107,MS,NULL,NULL,NULL,NULL
PLC00428,CLG0107,B.Sc Nursing,NULL,NULL,NULL,NULL
PLC00429,CLG0108,MBBS,NULL,NULL,NULL,NULL
PLC00430,CLG0108,MD,NULL,NULL,NULL,NULL
PLC00431,CLG0108,MS,NULL,NULL,NULL,NULL
PLC00432,CLG0108,B.Sc Nursing,NULL,NULL,NULL,NULL
PLC00433,CLG0109,MBBS,NULL,NULL,NULL,NULL
PLC00434,CLG0109,MD,NULL,NULL,NULL,NULL
PLC00435,CLG0109,MS,NULL,NULL,NULL,NULL
PLC00436,CLG0109,B.Sc Nursing,NULL,NULL,NULL,NULL
PLC00437,CLG0110,MBBS,NULL,NULL,NULL,NULL
PLC00438,CLG0110,MD,NULL,NULL,NULL,NULL
PLC00439,CLG0110,MS,NULL,NULL,NULL,NULL
PLC00440,CLG0110,B.Sc Nursing,NULL,NULL,NULL,NULL
PLC00441,CLG0111,MBBS,NULL,NULL,NULL,NULL
PLC00442,CLG0111,MD,NULL,NULL,NULL,NULL
PLC00443,CLG0111,MS,NULL,NULL,NULL,NULL
PLC00444,CLG0111,B.Sc Nursing,NULL,NULL,NULL,NULL
PLC00445,CLG0112,MBBS,NULL,NULL,NULL,NULL
PLC00446,CLG0112,MD,NULL,NULL,NULL,NULL
PLC00447,CLG0112,MS,NULL,NULL,NULL,NULL
PLC00448,CLG0112,B.Sc Nursing,NULL,NULL,NULL,NULL
PLC00449,CLG0113,MBBS,NULL,NULL,NULL,NULL
PLC00450,CLG0113,MD,NULL,NULL,NULL,NULL
PLC00451,CLG0113,MS,NULL,NULL,NULL,NULL
PLC00452,CLG0113,B.Sc Nursing,NULL,NULL,NULL,NULL
PLC00453,CLG0114,MBBS,NULL,NULL,NULL,NULL
PLC00454,CLG0114,MD,NULL,NULL,NULL,NULL
PLC00455,CLG0114,MS,NULL,NULL,NULL,NULL
PLC00456,CLG0114,B.Sc Nursing,NULL,NULL,NULL,NULL
PLC00457,CLG0115,MBBS,NULL,NULL,NULL,NULL
PLC00458,CLG0115,MD,NULL,NULL,NULL,NULL
PLC00459,CLG0115,MS,NULL,NULL,NULL,NULL
PLC00460,CLG0115,B.Sc Nursing,NULL,NULL,NULL,NULL
PLC00461,CLG0116,MBBS,NULL,NULL,NULL,NULL
PLC00462,CLG0116,MD,NULL,NULL,NULL,NULL
PLC00463,CLG0116,MS,NULL,NULL,NULL,NULL
PLC00464,CLG0116,B.Sc Nursing,NULL,NULL,NULL,NULL
PLC00465,CLG0117,BA LLB (Hons),13.5,16.0,25,NULL
PLC00466,CLG0117,BBA LLB (Hons),13.5,16.0,25,NULL
PLC00467,CLG0117,LLM,13.5,16.0,25,NULL
PLC00468,CLG0117,LLM,13.5,16.0,25,NULL
PLC00469,CLG0118,BA LLB (Hons),12.0,NULL,22,NULL
PLC00470,CLG0118,BBA LLB (Hons),12.0,NULL,22,NULL
PLC00471,CLG0118,LLM,12.0,NULL,22,NULL
PLC00472,CLG0118,LLM,12.0,NULL,22,NULL
PLC00473,CLG0119,BA LLB (Hons),12.0,19.0,20,NULL
PLC00474,CLG0119,BBA LLB (Hons),12.0,19.0,20,NULL
PLC00475,CLG0119,LLM,12.0,19.0,20,NULL
PLC00476,CLG0119,LLM,12.0,19.0,20,NULL
PLC00477,CLG0120,BA LLB (Hons),10.5,NULL,18,NULL
PLC00478,CLG0120,BBA LLB (Hons),10.5,NULL,18,NULL
PLC00479,CLG0120,LLM,10.5,NULL,18,NULL
PLC00480,CLG0120,LLM,10.5,NULL,18,NULL
PLC00481,CLG0121,BA LLB (Hons),NULL,NULL,NULL,NULL
PLC00482,CLG0121,BBA LLB (Hons),NULL,NULL,NULL,NULL
PLC00483,CLG0121,LLM,NULL,NULL,NULL,NULL
PLC00484,CLG0121,LLM,NULL,NULL,NULL,NULL
PLC00485,CLG0122,BA LLB (Hons),9.5,NULL,17,NULL
PLC00486,CLG0122,BBA LLB (Hons),9.5,NULL,17,NULL
PLC00487,CLG0122,LLM,9.5,NULL,17,NULL
PLC00488,CLG0122,LLM,9.5,NULL,17,NULL
PLC00489,CLG0123,BA LLB (Hons),NULL,NULL,NULL,NULL
PLC00490,CLG0123,BBA LLB (Hons),NULL,NULL,NULL,NULL
PLC00491,CLG0123,LLM,NULL,NULL,NULL,NULL
PLC00492,CLG0123,LLM,NULL,NULL,NULL,NULL
PLC00493,CLG0124,BA LLB (Hons),NULL,NULL,NULL,NULL
PLC00494,CLG0124,BBA LLB (Hons),NULL,NULL,NULL,NULL
PLC00495,CLG0124,LLM,NULL,NULL,NULL,NULL
PLC00496,CLG0124,LLM,NULL,NULL,NULL,NULL
PLC00497,CLG0125,BA LLB (Hons),NULL,NULL,NULL,NULL
PLC00498,CLG0125,BBA LLB (Hons),NULL,NULL,NULL,NULL
PLC00499,CLG0125,LLM,NULL,NULL,NULL,NULL
PLC00500,CLG0125,LLM,NULL,NULL,NULL,NULL
PLC00501,CLG0126,BA LLB (Hons),NULL,NULL,NULL,NULL
PLC00502,CLG0126,BBA LLB (Hons),NULL,NULL,NULL,NULL
PLC00503,CLG0126,LLM,NULL,NULL,NULL,NULL
PLC00504,CLG0126,LLM,NULL,NULL,NULL,NULL
PLC00505,CLG0127,BA LLB (Hons),NULL,NULL,30,NULL
PLC00506,CLG0127,BBA LLB (Hons),NULL,NULL,30,NULL
PLC00507,CLG0127,LLM,NULL,NULL,30,NULL
PLC00508,CLG0127,LLM,NULL,NULL,30,NULL
PLC00509,CLG0128,BA LLB (Hons),NULL,NULL,NULL,NULL
PLC00510,CLG0128,BBA LLB (Hons),NULL,NULL,NULL,NULL
PLC00511,CLG0128,LLM,NULL,NULL,NULL,NULL
PLC00512,CLG0128,LLM,NULL,NULL,NULL,NULL
PLC00513,CLG0129,BA LLB (Hons),NULL,NULL,NULL,NULL
PLC00514,CLG0129,BBA LLB (Hons),NULL,NULL,NULL,NULL
PLC00515,CLG0129,LLM,NULL,NULL,NULL,NULL
PLC00516,CLG0129,LLM,NULL,NULL,NULL,NULL
PLC00517,CLG0130,BA LLB (Hons),NULL,NULL,NULL,NULL
PLC00518,CLG0130,BBA LLB (Hons),NULL,NULL,NULL,NULL
PLC00519,CLG0130,LLM,NULL,NULL,NULL,NULL
PLC00520,CLG0130,LLM,NULL,NULL,NULL,NULL
PLC00521,CLG0131,BA LLB (Hons),NULL,NULL,NULL,NULL
PLC00522,CLG0131,BBA LLB (Hons),NULL,NULL,NULL,NULL
PLC00523,CLG0131,LLM,NULL,NULL,NULL,NULL
PLC00524,CLG0131,LLM,NULL,NULL,NULL,NULL
PLC00525,CLG0132,BA LLB (Hons),NULL,NULL,NULL,NULL
PLC00526,CLG0132,BBA LLB (Hons),NULL,NULL,NULL,NULL
PLC00527,CLG0132,LLM,NULL,NULL,NULL,NULL
PLC00528,CLG0132,LLM,NULL,NULL,NULL,NULL
PLC00529,CLG0133,BA LLB (Hons),NULL,NULL,NULL,NULL
PLC00530,CLG0133,BBA LLB (Hons),NULL,NULL,NULL,NULL
PLC00531,CLG0133,LLM,NULL,NULL,NULL,NULL
PLC00532,CLG0133,LLM,NULL,NULL,NULL,NULL
PLC00533,CLG0134,BA LLB (Hons),NULL,NULL,NULL,NULL
PLC00534,CLG0134,BBA LLB (Hons),NULL,NULL,NULL,NULL
PLC00535,CLG0134,LLM,NULL,NULL,NULL,NULL
PLC00536,CLG0134,LLM,NULL,NULL,NULL,NULL
PLC00537,CLG0135,BA LLB (Hons),NULL,NULL,NULL,NULL
PLC00538,CLG0135,BBA LLB (Hons),NULL,NULL,NULL,NULL
PLC00539,CLG0135,LLM,NULL,NULL,NULL,NULL
PLC00540,CLG0135,LLM,NULL,NULL,NULL,NULL
PLC00541,CLG0136,BA LLB (Hons),NULL,NULL,NULL,NULL
PLC00542,CLG0136,BBA LLB (Hons),NULL,NULL,NULL,NULL
PLC00543,CLG0136,LLM,NULL,NULL,NULL,NULL
PLC00544,CLG0136,LLM,NULL,NULL,NULL,NULL
PLC00545,CLG0137,BA (Hons),NULL,NULL,NULL,NULL
PLC00546,CLG0137,BSc (Hons),NULL,NULL,NULL,NULL
PLC00547,CLG0137,MA,NULL,NULL,NULL,NULL
PLC00548,CLG0137,MSc,NULL,NULL,NULL,NULL
PLC00549,CLG0138,BA (Hons),NULL,NULL,NULL,NULL
PLC00550,CLG0138,BSc (Hons),NULL,NULL,NULL,NULL
PLC00551,CLG0138,MA,NULL,NULL,NULL,NULL
PLC00552,CLG0138,MSc,NULL,NULL,NULL,NULL
PLC00553,CLG0139,BA (Hons),NULL,NULL,NULL,NULL
PLC00554,CLG0139,BSc (Hons),NULL,NULL,NULL,NULL
PLC00555,CLG0139,MA,NULL,NULL,NULL,NULL
PLC00556,CLG0139,MSc,NULL,NULL,NULL,NULL
PLC00557,CLG0140,BA (Hons),NULL,NULL,NULL,NULL
PLC00558,CLG0140,BSc (Hons),NULL,NULL,NULL,NULL
PLC00559,CLG0140,MA,NULL,NULL,NULL,NULL
PLC00560,CLG0140,MSc,NULL,NULL,NULL,NULL
PLC00561,CLG0141,BA (Hons),NULL,NULL,NULL,NULL
PLC00562,CLG0141,BSc (Hons),NULL,NULL,NULL,NULL
PLC00563,CLG0141,MA,NULL,NULL,NULL,NULL
PLC00564,CLG0141,MSc,NULL,NULL,NULL,NULL
PLC00565,CLG0142,BA (Hons),NULL,NULL,NULL,NULL
PLC00566,CLG0142,BSc (Hons),NULL,NULL,NULL,NULL
PLC00567,CLG0142,MA,NULL,NULL,NULL,NULL
PLC00568,CLG0142,MSc,NULL,NULL,NULL,NULL
PLC00569,CLG0143,BA (Hons),NULL,NULL,NULL,NULL
PLC00570,CLG0143,BSc (Hons),NULL,NULL,NULL,NULL
PLC00571,CLG0143,MA,NULL,NULL,NULL,NULL
PLC00572,CLG0143,MSc,NULL,NULL,NULL,NULL
PLC00573,CLG0144,BA (Hons),NULL,NULL,NULL,NULL
PLC00574,CLG0144,BSc (Hons),NULL,NULL,NULL,NULL
PLC00575,CLG0144,MA,NULL,NULL,NULL,NULL
PLC00576,CLG0144,MSc,NULL,NULL,NULL,NULL
PLC00577,CLG0145,BA (Hons),NULL,NULL,NULL,NULL
PLC00578,CLG0145,BSc (Hons),NULL,NULL,NULL,NULL
PLC00579,CLG0145,MA,NULL,NULL,NULL,NULL
PLC00580,CLG0145,MSc,NULL,NULL,NULL,NULL
PLC00581,CLG0146,BA (Hons),NULL,NULL,NULL,NULL
PLC00582,CLG0146,BSc (Hons),NULL,NULL,NULL,NULL
PLC00583,CLG0146,MA,NULL,NULL,NULL,NULL
PLC00584,CLG0146,MSc,NULL,NULL,NULL,NULL
PLC00585,CLG0147,BA (Hons),NULL,NULL,NULL,NULL
PLC00586,CLG0147,BSc (Hons),NULL,NULL,NULL,NULL
PLC00587,CLG0147,MA,NULL,NULL,NULL,NULL
PLC00588,CLG0147,MSc,NULL,NULL,NULL,NULL
PLC00589,CLG0148,BA (Hons),NULL,NULL,NULL,NULL
PLC00590,CLG0148,BSc (Hons),NULL,NULL,NULL,NULL
PLC00591,CLG0148,MA,NULL,NULL,NULL,NULL
PLC00592,CLG0148,MSc,NULL,NULL,NULL,NULL
PLC00593,CLG0149,BA (Hons),NULL,NULL,NULL,NULL
PLC00594,CLG0149,BSc (Hons),NULL,NULL,NULL,NULL
PLC00595,CLG0149,MA,NULL,NULL,NULL,NULL
PLC00596,CLG0149,MSc,NULL,NULL,NULL,NULL
PLC00597,CLG0150,BA (Hons),NULL,NULL,NULL,NULL
PLC00598,CLG0150,BSc (Hons),NULL,NULL,NULL,NULL
PLC00599,CLG0150,MA,NULL,NULL,NULL,NULL
PLC00600,CLG0150,MSc,NULL,NULL,NULL,NULL
PLC00601,CLG0151,BA (Hons),NULL,NULL,NULL,NULL
PLC00602,CLG0151,BSc (Hons),NULL,NULL,NULL,NULL
PLC00603,CLG0151,MA,NULL,NULL,NULL,NULL
PLC00604,CLG0151,MSc,NULL,NULL,NULL,NULL
PLC00605,CLG0152,BA (Hons),NULL,NULL,NULL,NULL
PLC00606,CLG0152,BSc (Hons),NULL,NULL,NULL,NULL
PLC00607,CLG0152,MA,NULL,NULL,NULL,NULL
PLC00608,CLG0152,MSc,NULL,NULL,NULL,NULL
PLC00609,CLG0153,BA (Hons),NULL,NULL,NULL,NULL
PLC00610,CLG0153,BSc (Hons),NULL,NULL,NULL,NULL
PLC00611,CLG0153,MA,NULL,NULL,NULL,NULL
PLC00612,CLG0153,MSc,NULL,NULL,NULL,NULL
PLC00613,CLG0154,BA (Hons),NULL,NULL,NULL,NULL
PLC00614,CLG0154,BSc (Hons),NULL,NULL,NULL,NULL
PLC00615,CLG0154,MA,NULL,NULL,NULL,NULL
PLC00616,CLG0154,MSc,NULL,NULL,NULL,NULL
PLC00617,CLG0155,BA (Hons),NULL,NULL,NULL,NULL
PLC00618,CLG0155,BSc (Hons),NULL,NULL,NULL,NULL
PLC00619,CLG0155,MA,NULL,NULL,NULL,NULL
PLC00620,CLG0155,MSc,NULL,NULL,NULL,NULL
PLC00621,CLG0156,BA (Hons),NULL,NULL,NULL,NULL
PLC00622,CLG0156,BSc (Hons),NULL,NULL,NULL,NULL
PLC00623,CLG0156,MA,NULL,NULL,NULL,NULL
PLC00624,CLG0156,MSc,NULL,NULL,NULL,NULL
PLC00625,CLG0157,BA (Hons),NULL,NULL,NULL,NULL
PLC00626,CLG0157,BSc (Hons),NULL,NULL,NULL,NULL
PLC00627,CLG0157,MA,NULL,NULL,NULL,NULL
PLC00628,CLG0157,MSc,NULL,NULL,NULL,NULL
PLC00629,CLG0158,BA (Hons),NULL,NULL,NULL,NULL
PLC00630,CLG0158,BSc (Hons),NULL,NULL,NULL,NULL
PLC00631,CLG0158,MA,NULL,NULL,NULL,NULL
PLC00632,CLG0158,MSc,NULL,NULL,NULL,NULL
PLC00633,CLG0159,BA (Hons),NULL,NULL,NULL,NULL
PLC00634,CLG0159,BSc (Hons),NULL,NULL,NULL,NULL
PLC00635,CLG0159,MA,NULL,NULL,NULL,NULL
PLC00636,CLG0159,MSc,NULL,NULL,NULL,NULL
PLC00637,CLG0160,BA (Hons),NULL,NULL,NULL,NULL
PLC00638,CLG0160,BSc (Hons),NULL,NULL,NULL,NULL
PLC00639,CLG0160,MA,NULL,NULL,NULL,NULL
PLC00640,CLG0160,MSc,NULL,NULL,NULL,NULL
PLC00641,CLG0161,BA (Hons),NULL,NULL,NULL,NULL
PLC00642,CLG0161,BSc (Hons),NULL,NULL,NULL,NULL
PLC00643,CLG0161,MA,NULL,NULL,NULL,NULL
PLC00644,CLG0161,MSc,NULL,NULL,NULL,NULL
PLC00645,CLG0162,BA (Hons),NULL,NULL,NULL,NULL
PLC00646,CLG0162,BSc (Hons),NULL,NULL,NULL,NULL
PLC00647,CLG0162,MA,NULL,NULL,NULL,NULL
PLC00648,CLG0162,MSc,NULL,NULL,NULL,NULL
PLC00649,CLG0163,BA (Hons),NULL,NULL,NULL,NULL
PLC00650,CLG0163,BSc (Hons),NULL,NULL,NULL,NULL
PLC00651,CLG0163,MA,NULL,NULL,NULL,NULL
PLC00652,CLG0163,MSc,NULL,NULL,NULL,NULL
PLC00653,CLG0164,BA (Hons),NULL,NULL,NULL,NULL
PLC00654,CLG0164,BSc (Hons),NULL,NULL,NULL,NULL
PLC00655,CLG0164,MA,NULL,NULL,NULL,NULL
PLC00656,CLG0164,MSc,NULL,NULL,NULL,NULL
PLC00657,CLG0165,BA (Hons),NULL,NULL,NULL,NULL
PLC00658,CLG0165,BSc (Hons),NULL,NULL,NULL,NULL
PLC00659,CLG0165,MA,NULL,NULL,NULL,NULL
PLC00660,CLG0165,MSc,NULL,NULL,NULL,NULL
PLC00661,CLG0166,B.Tech,20.36,17.0,60.75,81.0
PLC00662,CLG0166,B.Tech,20.36,17.0,60.75,81.0
PLC00663,CLG0166,B.Tech,20.36,17.0,60.75,81.0
PLC00664,CLG0166,M.Tech,20.36,17.0,60.75,81.0
PLC00665,CLG0167,B.Tech,20.36,17.0,60.75,81.0
PLC00666,CLG0167,B.Tech,20.36,17.0,60.75,81.0
PLC00667,CLG0167,B.Tech,20.36,17.0,60.75,81.0
PLC00668,CLG0167,M.Tech,20.36,17.0,60.75,81.0
PLC00669,CLG0168,B.Tech,20.36,17.0,60.75,81.0
PLC00670,CLG0168,B.Tech,20.36,17.0,60.75,81.0
PLC00671,CLG0168,B.Tech,20.36,17.0,60.75,81.0
PLC00672,CLG0168,M.Tech,20.36,17.0,60.75,81.0
PLC00673,CLG0169,B.Tech,NULL,NULL,NULL,NULL
PLC00674,CLG0169,B.Tech,NULL,NULL,NULL,NULL
PLC00675,CLG0169,B.Tech,NULL,NULL,NULL,NULL
PLC00676,CLG0169,M.Tech,NULL,NULL,NULL,NULL
PLC00677,CLG0170,B.Tech,NULL,NULL,NULL,NULL
PLC00678,CLG0170,B.Tech,NULL,NULL,NULL,NULL
PLC00679,CLG0170,B.Tech,NULL,NULL,NULL,NULL
PLC00680,CLG0170,M.Tech,NULL,NULL,NULL,NULL
PLC00681,CLG0171,B.Tech,NULL,NULL,NULL,NULL
PLC00682,CLG0171,B.Tech,NULL,NULL,NULL,NULL
PLC00683,CLG0171,B.Tech,NULL,NULL,NULL,NULL
PLC00684,CLG0171,M.Tech,NULL,NULL,NULL,NULL
PLC00685,CLG0172,BA (Hons),NULL,NULL,NULL,NULL
PLC00686,CLG0172,BSc (Hons),NULL,NULL,NULL,NULL
PLC00687,CLG0172,MA,NULL,NULL,NULL,NULL
PLC00688,CLG0172,MSc,NULL,NULL,NULL,NULL
PLC00689,CLG0173,BA (Hons),NULL,NULL,NULL,NULL
PLC00690,CLG0173,BSc (Hons),NULL,NULL,NULL,NULL
PLC00691,CLG0173,MA,NULL,NULL,NULL,NULL
PLC00692,CLG0173,MSc,NULL,NULL,NULL,NULL
PLC00693,CLG0174,B.Tech,NULL,NULL,NULL,NULL
PLC00694,CLG0174,B.Tech,NULL,NULL,NULL,NULL
PLC00695,CLG0174,B.Tech,NULL,NULL,NULL,NULL
PLC00696,CLG0174,M.Tech,NULL,NULL,NULL,NULL
PLC00697,CLG0175,BA (Hons),NULL,NULL,NULL,NULL
PLC00698,CLG0175,BSc (Hons),NULL,NULL,NULL,NULL
PLC00699,CLG0175,MA,NULL,NULL,NULL,NULL
PLC00700,CLG0175,MSc,NULL,NULL,NULL,NULL
PLC00701,CLG0176,B.Tech,NULL,NULL,NULL,NULL
PLC00702,CLG0176,B.Tech,NULL,NULL,NULL,NULL
PLC00703,CLG0176,B.Tech,NULL,NULL,NULL,NULL
PLC00704,CLG0176,M.Tech,NULL,NULL,NULL,NULL
PLC00705,CLG0177,B.Tech,NULL,NULL,NULL,NULL
PLC00706,CLG0177,B.Tech,NULL,NULL,NULL,NULL
PLC00707,CLG0177,B.Tech,NULL,NULL,NULL,NULL
PLC00708,CLG0177,M.Tech,NULL,NULL,NULL,NULL
PLC00709,CLG0178,BA (Hons),NULL,NULL,NULL,NULL
PLC00710,CLG0178,BSc (Hons),NULL,NULL,NULL,NULL
PLC00711,CLG0178,MA,NULL,NULL,NULL,NULL
PLC00712,CLG0178,MSc,NULL,NULL,NULL,NULL
PLC00713,CLG0179,BA (Hons),NULL,NULL,NULL,NULL
PLC00714,CLG0179,BSc (Hons),NULL,NULL,NULL,NULL
PLC00715,CLG0179,MA,NULL,NULL,NULL,NULL
PLC00716,CLG0179,MSc,NULL,NULL,NULL,NULL
PLC00717,CLG0180,BA (Hons),NULL,NULL,NULL,NULL
PLC00718,CLG0180,BSc (Hons),NULL,NULL,NULL,NULL
PLC00719,CLG0180,MA,NULL,NULL,NULL,NULL
PLC00720,CLG0180,MSc,NULL,NULL,NULL,NULL
PLC00721,CLG0181,BA (Hons),NULL,NULL,NULL,NULL
PLC00722,CLG0181,BSc (Hons),NULL,NULL,NULL,NULL
PLC00723,CLG0181,MA,NULL,NULL,NULL,NULL
PLC00724,CLG0181,MSc,NULL,NULL,NULL,NULL
PLC00725,CLG0182,B.Tech,NULL,NULL,NULL,NULL
PLC00726,CLG0182,B.Tech,NULL,NULL,NULL,NULL
PLC00727,CLG0182,B.Tech,NULL,NULL,NULL,NULL
PLC00728,CLG0182,M.Tech,NULL,NULL,NULL,NULL
PLC00729,CLG0183,B.Tech,NULL,NULL,NULL,NULL
PLC00730,CLG0183,B.Tech,NULL,NULL,NULL,NULL
PLC00731,CLG0183,B.Tech,NULL,NULL,NULL,NULL
PLC00732,CLG0183,M.Tech,NULL,NULL,NULL,NULL
PLC00733,CLG0184,B.Tech,NULL,NULL,NULL,NULL
PLC00734,CLG0184,B.Tech,NULL,NULL,NULL,NULL
PLC00735,CLG0184,B.Tech,NULL,NULL,NULL,NULL
PLC00736,CLG0184,M.Tech,NULL,NULL,NULL,NULL
PLC00737,CLG0185,B.Tech,NULL,NULL,NULL,NULL
PLC00738,CLG0185,B.Tech,NULL,NULL,NULL,NULL
PLC00739,CLG0185,B.Tech,NULL,NULL,NULL,NULL
PLC00740,CLG0185,M.Tech,NULL,NULL,NULL,NULL
PLC00741,CLG0186,BA (Hons),NULL,NULL,NULL,NULL
PLC00742,CLG0186,BSc (Hons),NULL,NULL,NULL,NULL
PLC00743,CLG0186,MA,NULL,NULL,NULL,NULL
PLC00744,CLG0186,MSc,NULL,NULL,NULL,NULL
PLC00745,CLG0187,BA (Hons),NULL,NULL,NULL,NULL
PLC00746,CLG0187,BSc (Hons),NULL,NULL,NULL,NULL
PLC00747,CLG0187,MA,NULL,NULL,NULL,NULL
PLC00748,CLG0187,MSc,NULL,NULL,NULL,NULL
PLC00749,CLG0188,BA (Hons),NULL,NULL,NULL,NULL
PLC00750,CLG0188,BSc (Hons),NULL,NULL,NULL,NULL
PLC00751,CLG0188,MA,NULL,NULL,NULL,NULL
PLC00752,CLG0188,MSc,NULL,NULL,NULL,NULL
PLC00753,CLG0189,BA (Hons),NULL,NULL,NULL,NULL
PLC00754,CLG0189,BSc (Hons),NULL,NULL,NULL,NULL
PLC00755,CLG0189,MA,NULL,NULL,NULL,NULL
PLC00756,CLG0189,MSc,NULL,NULL,NULL,NULL
PLC00757,CLG0190,BA (Hons),NULL,NULL,NULL,NULL
PLC00758,CLG0190,BSc (Hons),NULL,NULL,NULL,NULL
PLC00759,CLG0190,MA,NULL,NULL,NULL,NULL
PLC00760,CLG0190,MSc,NULL,NULL,NULL,NULL
PLC00761,CLG0191,B.Tech,NULL,NULL,NULL,NULL
PLC00762,CLG0191,B.Tech,NULL,NULL,NULL,NULL
PLC00763,CLG0191,B.Tech,NULL,NULL,NULL,NULL
PLC00764,CLG0191,M.Tech,NULL,NULL,NULL,NULL
PLC00765,CLG0192,B.Tech,NULL,NULL,NULL,NULL
PLC00766,CLG0192,B.Tech,NULL,NULL,NULL,NULL
PLC00767,CLG0192,B.Tech,NULL,NULL,NULL,NULL
PLC00768,CLG0192,M.Tech,NULL,NULL,NULL,NULL
PLC00769,CLG0193,B.Tech,NULL,NULL,NULL,NULL
PLC00770,CLG0193,B.Tech,NULL,NULL,NULL,NULL
PLC00771,CLG0193,B.Tech,NULL,NULL,NULL,NULL
PLC00772,CLG0193,M.Tech,NULL,NULL,NULL,NULL
PLC00773,CLG0194,B.Tech,NULL,NULL,NULL,NULL
PLC00774,CLG0194,B.Tech,NULL,NULL,NULL,NULL
PLC00775,CLG0194,B.Tech,NULL,NULL,NULL,NULL
PLC00776,CLG0194,M.Tech,NULL,NULL,NULL,NULL
PLC00777,CLG0195,B.Tech,NULL,NULL,NULL,NULL
PLC00778,CLG0195,B.Tech,NULL,NULL,NULL,NULL
PLC00779,CLG0195,B.Tech,NULL,NULL,NULL,NULL
PLC00780,CLG0195,M.Tech,NULL,NULL,NULL,NULL
PLC00781,CLG0196,B.Tech,NULL,NULL,NULL,NULL
PLC00782,CLG0196,B.Tech,NULL,NULL,NULL,NULL
PLC00783,CLG0196,B.Tech,NULL,NULL,NULL,NULL
PLC00784,CLG0196,M.Tech,NULL,NULL,NULL,NULL
PLC00785,CLG0197,B.Tech,NULL,NULL,NULL,NULL
PLC00786,CLG0197,B.Tech,NULL,NULL,NULL,NULL
PLC00787,CLG0197,B.Tech,NULL,NULL,NULL,NULL
PLC00788,CLG0197,M.Tech,NULL,NULL,NULL,NULL
PLC00789,CLG0198,B.Tech,NULL,NULL,NULL,NULL
PLC00790,CLG0198,B.Tech,NULL,NULL,NULL,NULL
PLC00791,CLG0198,B.Tech,NULL,NULL,NULL,NULL
PLC00792,CLG0198,M.Tech,NULL,NULL,NULL,NULL
PLC00793,CLG0199,B.Tech,NULL,NULL,NULL,NULL
PLC00794,CLG0199,B.Tech,NULL,NULL,NULL,NULL
PLC00795,CLG0199,B.Tech,NULL,NULL,NULL,NULL
PLC00796,CLG0199,M.Tech,NULL,NULL,NULL,NULL
PLC00797,CLG0200,B.Tech,NULL,NULL,NULL,NULL
PLC00798,CLG0200,B.Tech,NULL,NULL,NULL,NULL
PLC00799,CLG0200,B.Tech,NULL,NULL,NULL,NULL
PLC00800,CLG0200,M.Tech,NULL,NULL,NULL,NULL
PLC00801,CLG0201,B.Tech,NULL,NULL,NULL,NULL
PLC00802,CLG0201,B.Tech,NULL,NULL,NULL,NULL
PLC00803,CLG0201,B.Tech,NULL,NULL,NULL,NULL
PLC00804,CLG0201,M.Tech,NULL,NULL,NULL,NULL
PLC00805,CLG0202,B.Tech,NULL,NULL,NULL,NULL
PLC00806,CLG0202,B.Tech,NULL,NULL,NULL,NULL
PLC00807,CLG0202,B.Tech,NULL,NULL,NULL,NULL
PLC00808,CLG0202,M.Tech,NULL,NULL,NULL,NULL
PLC00809,CLG0203,B.Tech,NULL,NULL,NULL,NULL
PLC00810,CLG0203,B.Tech,NULL,NULL,NULL,NULL
PLC00811,CLG0203,B.Tech,NULL,NULL,NULL,NULL
PLC00812,CLG0203,M.Tech,NULL,NULL,NULL,NULL
PLC00813,CLG0204,B.Tech,NULL,NULL,NULL,NULL
PLC00814,CLG0204,B.Tech,NULL,NULL,NULL,NULL
PLC00815,CLG0204,B.Tech,NULL,NULL,NULL,NULL
PLC00816,CLG0204,M.Tech,NULL,NULL,NULL,NULL
PLC00817,CLG0205,B.Tech,NULL,NULL,NULL,NULL
PLC00818,CLG0205,B.Tech,NULL,NULL,NULL,NULL
PLC00819,CLG0205,B.Tech,NULL,NULL,NULL,NULL
PLC00820,CLG0205,M.Tech,NULL,NULL,NULL,NULL
PLC00821,CLG0206,B.Tech,NULL,NULL,NULL,NULL
PLC00822,CLG0206,B.Tech,NULL,NULL,NULL,NULL
PLC00823,CLG0206,B.Tech,NULL,NULL,NULL,NULL
PLC00824,CLG0206,M.Tech,NULL,NULL,NULL,NULL
PLC00825,CLG0207,B.Tech,NULL,NULL,NULL,NULL
PLC00826,CLG0207,B.Tech,NULL,NULL,NULL,NULL
PLC00827,CLG0207,B.Tech,NULL,NULL,NULL,NULL
PLC00828,CLG0207,M.Tech,NULL,NULL,NULL,NULL
PLC00829,CLG0208,B.Tech,NULL,NULL,NULL,NULL
PLC00830,CLG0208,B.Tech,NULL,NULL,NULL,NULL
PLC00831,CLG0208,B.Tech,NULL,NULL,NULL,NULL
PLC00832,CLG0208,M.Tech,NULL,NULL,NULL,NULL
PLC00833,CLG0209,B.Tech,NULL,NULL,NULL,NULL
PLC00834,CLG0209,B.Tech,NULL,NULL,NULL,NULL
PLC00835,CLG0209,B.Tech,NULL,NULL,NULL,NULL
PLC00836,CLG0209,M.Tech,NULL,NULL,NULL,NULL
PLC00837,CLG0210,B.Tech,NULL,NULL,NULL,NULL
PLC00838,CLG0210,B.Tech,NULL,NULL,NULL,NULL
PLC00839,CLG0210,B.Tech,NULL,NULL,NULL,NULL
PLC00840,CLG0210,M.Tech,NULL,NULL,NULL,NULL
PLC00841,CLG0211,B.Tech,NULL,NULL,NULL,NULL
PLC00842,CLG0211,B.Tech,NULL,NULL,NULL,NULL
PLC00843,CLG0211,B.Tech,NULL,NULL,NULL,NULL
PLC00844,CLG0211,M.Tech,NULL,NULL,NULL,NULL
PLC00845,CLG0212,B.Tech,NULL,NULL,NULL,NULL
PLC00846,CLG0212,B.Tech,NULL,NULL,NULL,NULL
PLC00847,CLG0212,B.Tech,NULL,NULL,NULL,NULL
PLC00848,CLG0212,M.Tech,NULL,NULL,NULL,NULL
PLC00849,CLG0213,B.Tech,NULL,NULL,NULL,NULL
PLC00850,CLG0213,B.Tech,NULL,NULL,NULL,NULL
PLC00851,CLG0213,B.Tech,NULL,NULL,NULL,NULL
PLC00852,CLG0213,M.Tech,NULL,NULL,NULL,NULL
PLC00853,CLG0214,BA (Hons),NULL,NULL,NULL,NULL
PLC00854,CLG0214,BSc (Hons),NULL,NULL,NULL,NULL
PLC00855,CLG0214,MA,NULL,NULL,NULL,NULL
PLC00856,CLG0214,MSc,NULL,NULL,NULL,NULL
PLC00857,CLG0215,BA (Hons),NULL,NULL,NULL,NULL
PLC00858,CLG0215,BSc (Hons),NULL,NULL,NULL,NULL
PLC00859,CLG0215,BCom (Hons),NULL,NULL,NULL,NULL
PLC00860,CLG0215,MA,NULL,NULL,NULL,NULL
PLC00861,CLG0216,BA (Hons),NULL,NULL,NULL,NULL
PLC00862,CLG0216,BSc (Hons),NULL,NULL,NULL,NULL
PLC00863,CLG0216,BCom (Hons),NULL,NULL,NULL,NULL
PLC00864,CLG0216,MA,NULL,NULL,NULL,NULL
PLC00865,CLG0217,BA (Hons),NULL,NULL,NULL,NULL
PLC00866,CLG0217,BSc (Hons),NULL,NULL,NULL,NULL
PLC00867,CLG0217,BCom (Hons),NULL,NULL,NULL,NULL
PLC00868,CLG0217,MA,NULL,NULL,NULL,NULL
PLC00869,CLG0218,BA (Hons),NULL,NULL,NULL,NULL
PLC00870,CLG0218,BSc (Hons),NULL,NULL,NULL,NULL
PLC00871,CLG0218,BCom (Hons),NULL,NULL,NULL,NULL
PLC00872,CLG0218,MA,NULL,NULL,NULL,NULL
PLC00873,CLG0219,BCom (Hons),NULL,NULL,NULL,NULL
PLC00874,CLG0219,BCom,NULL,NULL,NULL,NULL
PLC00875,CLG0219,MCom,NULL,NULL,NULL,NULL
PLC00876,CLG0219,BBA,NULL,NULL,NULL,NULL
PLC00877,CLG0220,BA (Hons),NULL,NULL,NULL,NULL
PLC00878,CLG0220,BSc (Hons),NULL,NULL,NULL,NULL
PLC00879,CLG0220,BCom (Hons),NULL,NULL,NULL,NULL
PLC00880,CLG0220,MA,NULL,NULL,NULL,NULL
PLC00881,CLG0221,BA (Hons),NULL,NULL,NULL,NULL
PLC00882,CLG0221,BSc (Hons),NULL,NULL,NULL,NULL
PLC00883,CLG0221,BCom (Hons),NULL,NULL,NULL,NULL
PLC00884,CLG0221,MA,NULL,NULL,NULL,NULL
PLC00885,CLG0222,BA (Hons),NULL,NULL,NULL,NULL
PLC00886,CLG0222,BSc (Hons),NULL,NULL,NULL,NULL
PLC00887,CLG0222,BCom (Hons),NULL,NULL,NULL,NULL
PLC00888,CLG0222,MA,NULL,NULL,NULL,NULL
PLC00889,CLG0223,BA (Hons),NULL,NULL,NULL,NULL
PLC00890,CLG0223,BSc (Hons),NULL,NULL,NULL,NULL
PLC00891,CLG0223,BCom (Hons),NULL,NULL,NULL,NULL
PLC00892,CLG0223,MA,NULL,NULL,NULL,NULL
PLC00893,CLG0224,BA (Hons),NULL,NULL,NULL,NULL
PLC00894,CLG0224,BSc (Hons),NULL,NULL,NULL,NULL
PLC00895,CLG0224,BCom (Hons),NULL,NULL,NULL,NULL
PLC00896,CLG0224,MA,NULL,NULL,NULL,NULL
PLC00897,CLG0225,BA (Hons),NULL,NULL,NULL,NULL
PLC00898,CLG0225,BSc (Hons),NULL,NULL,NULL,NULL
PLC00899,CLG0225,BCom (Hons),NULL,NULL,NULL,NULL
PLC00900,CLG0225,MA,NULL,NULL,NULL,NULL
PLC00901,CLG0226,BA (Hons),NULL,NULL,NULL,NULL
PLC00902,CLG0226,BSc (Hons),NULL,NULL,NULL,NULL
PLC00903,CLG0226,BCom (Hons),NULL,NULL,NULL,NULL
PLC00904,CLG0226,MA,NULL,NULL,NULL,NULL
PLC00905,CLG0227,BA (Hons),NULL,NULL,NULL,NULL
PLC00906,CLG0227,BSc (Hons),NULL,NULL,NULL,NULL
PLC00907,CLG0227,BCom (Hons),NULL,NULL,NULL,NULL
PLC00908,CLG0227,MA,NULL,NULL,NULL,NULL
PLC00909,CLG0228,BA (Hons),NULL,NULL,NULL,NULL
PLC00910,CLG0228,BSc (Hons),NULL,NULL,NULL,NULL
PLC00911,CLG0228,BCom (Hons),NULL,NULL,NULL,NULL
PLC00912,CLG0228,MA,NULL,NULL,NULL,NULL
PLC00913,CLG0229,BA (Hons),NULL,NULL,NULL,NULL
PLC00914,CLG0229,BSc (Hons),NULL,NULL,NULL,NULL
PLC00915,CLG0229,BCom (Hons),NULL,NULL,NULL,NULL
PLC00916,CLG0229,MA,NULL,NULL,NULL,NULL
PLC00917,CLG0230,BA (Hons),NULL,NULL,NULL,NULL
PLC00918,CLG0230,BSc (Hons),NULL,NULL,NULL,NULL
PLC00919,CLG0230,BCom (Hons),NULL,NULL,NULL,NULL
PLC00920,CLG0230,MA,NULL,NULL,NULL,NULL
PLC00921,CLG0231,BA (Hons),NULL,NULL,NULL,NULL
PLC00922,CLG0231,BSc (Hons),NULL,NULL,NULL,NULL
PLC00923,CLG0231,BCom (Hons),NULL,NULL,NULL,NULL
PLC00924,CLG0231,MA,NULL,NULL,NULL,NULL
PLC00925,CLG0232,BA (Hons),NULL,NULL,NULL,NULL
PLC00926,CLG0232,BSc (Hons),NULL,NULL,NULL,NULL
PLC00927,CLG0232,BCom (Hons),NULL,NULL,NULL,NULL
PLC00928,CLG0232,MA,NULL,NULL,NULL,NULL
PLC00929,CLG0233,BA (Hons),NULL,NULL,NULL,NULL
PLC00930,CLG0233,BSc (Hons),NULL,NULL,NULL,NULL
PLC00931,CLG0233,BCom (Hons),NULL,NULL,NULL,NULL
PLC00932,CLG0233,MA,NULL,NULL,NULL,NULL
PLC00933,CLG0234,BA (Hons),NULL,NULL,NULL,NULL
PLC00934,CLG0234,BSc (Hons),NULL,NULL,NULL,NULL
PLC00935,CLG0234,BCom (Hons),NULL,NULL,NULL,NULL
PLC00936,CLG0234,MA,NULL,NULL,NULL,NULL
PLC00937,CLG0235,MBBS,NULL,NULL,NULL,NULL
PLC00938,CLG0235,MD,NULL,NULL,NULL,NULL
PLC00939,CLG0235,MS,NULL,NULL,NULL,NULL
PLC00940,CLG0235,B.Sc Nursing,NULL,NULL,NULL,NULL
PLC00941,CLG0236,MBBS,NULL,NULL,NULL,NULL
PLC00942,CLG0236,MD,NULL,NULL,NULL,NULL
PLC00943,CLG0236,MS,NULL,NULL,NULL,NULL
PLC00944,CLG0236,B.Sc Nursing,NULL,NULL,NULL,NULL
PLC00945,CLG0237,MBBS,NULL,NULL,NULL,NULL
PLC00946,CLG0237,MD,NULL,NULL,NULL,NULL
PLC00947,CLG0237,MS,NULL,NULL,NULL,NULL
PLC00948,CLG0237,B.Sc Nursing,NULL,NULL,NULL,NULL
PLC00949,CLG0238,MBBS,NULL,NULL,NULL,NULL
PLC00950,CLG0238,MD,NULL,NULL,NULL,NULL
PLC00951,CLG0238,MS,NULL,NULL,NULL,NULL
PLC00952,CLG0238,B.Sc Nursing,NULL,NULL,NULL,NULL
PLC00953,CLG0239,MBBS,NULL,NULL,NULL,NULL
PLC00954,CLG0239,MD,NULL,NULL,NULL,NULL
PLC00955,CLG0239,MS,NULL,NULL,NULL,NULL
PLC00956,CLG0239,B.Sc Nursing,NULL,NULL,NULL,NULL
PLC00957,CLG0240,MBBS,NULL,NULL,NULL,NULL
PLC00958,CLG0240,MD,NULL,NULL,NULL,NULL
PLC00959,CLG0240,MS,NULL,NULL,NULL,NULL
PLC00960,CLG0240,B.Sc Nursing,NULL,NULL,NULL,NULL
PLC00961,CLG0241,MBBS,NULL,NULL,NULL,NULL
PLC00962,CLG0241,MD,NULL,NULL,NULL,NULL
PLC00963,CLG0241,MS,NULL,NULL,NULL,NULL
PLC00964,CLG0241,B.Sc Nursing,NULL,NULL,NULL,NULL
PLC00965,CLG0242,MBBS,NULL,NULL,NULL,NULL
PLC00966,CLG0242,MD,NULL,NULL,NULL,NULL
PLC00967,CLG0242,MS,NULL,NULL,NULL,NULL
PLC00968,CLG0242,B.Sc Nursing,NULL,NULL,NULL,NULL
PLC00969,CLG0243,MBBS,NULL,NULL,NULL,NULL
PLC00970,CLG0243,MD,NULL,NULL,NULL,NULL
PLC00971,CLG0243,MS,NULL,NULL,NULL,NULL
PLC00972,CLG0243,B.Sc Nursing,NULL,NULL,NULL,NULL
PLC00973,CLG0244,MBBS,NULL,NULL,NULL,NULL
PLC00974,CLG0244,MD,NULL,NULL,NULL,NULL
PLC00975,CLG0244,MS,NULL,NULL,NULL,NULL
PLC00976,CLG0244,B.Sc Nursing,NULL,NULL,NULL,NULL
PLC00977,CLG0245,MBBS,NULL,NULL,NULL,NULL
PLC00978,CLG0245,MD,NULL,NULL,NULL,NULL
PLC00979,CLG0245,MS,NULL,NULL,NULL,NULL
PLC00980,CLG0245,B.Sc Nursing,NULL,NULL,NULL,NULL
PLC00981,CLG0246,MBBS,NULL,NULL,NULL,NULL
PLC00982,CLG0246,MD,NULL,NULL,NULL,NULL
PLC00983,CLG0246,MS,NULL,NULL,NULL,NULL
PLC00984,CLG0246,B.Sc Nursing,NULL,NULL,NULL,NULL
PLC00985,CLG0247,MBBS,NULL,NULL,NULL,NULL
PLC00986,CLG0247,MD,NULL,NULL,NULL,NULL
PLC00987,CLG0247,MS,NULL,NULL,NULL,NULL
PLC00988,CLG0247,B.Sc Nursing,NULL,NULL,NULL,NULL
PLC00989,CLG0248,MBBS,NULL,NULL,NULL,NULL
PLC00990,CLG0248,MD,NULL,NULL,NULL,NULL
PLC00991,CLG0248,MS,NULL,NULL,NULL,NULL
PLC00992,CLG0248,B.Sc Nursing,NULL,NULL,NULL,NULL
PLC00993,CLG0249,MBBS,NULL,NULL,NULL,NULL
PLC00994,CLG0249,MD,NULL,NULL,NULL,NULL
PLC00995,CLG0249,MS,NULL,NULL,NULL,NULL
PLC00996,CLG0249,B.Sc Nursing,NULL,NULL,NULL,NULL
PLC00997,CLG0250,MBBS,NULL,NULL,NULL,NULL
PLC00998,CLG0250,MD,NULL,NULL,NULL,NULL
PLC00999,CLG0250,MS,NULL,NULL,NULL,NULL
PLC01000,CLG0250,B.Sc Nursing,NULL,NULL,NULL,NULL
PLC01001,CLG0251,MBBS,NULL,NULL,NULL,NULL
PLC01002,CLG0251,MD,NULL,NULL,NULL,NULL
PLC01003,CLG0251,MS,NULL,NULL,NULL,NULL
PLC01004,CLG0251,B.Sc Nursing,NULL,NULL,NULL,NULL
PLC01005,CLG0252,MBBS,NULL,NULL,NULL,NULL
PLC01006,CLG0252,MD,NULL,NULL,NULL,NULL
PLC01007,CLG0252,MS,NULL,NULL,NULL,NULL
PLC01008,CLG0252,B.Sc Nursing,NULL,NULL,NULL,NULL
PLC01009,CLG0253,MBBS,NULL,NULL,NULL,NULL
PLC01010,CLG0253,MD,NULL,NULL,NULL,NULL
PLC01011,CLG0253,MS,NULL,NULL,NULL,NULL
PLC01012,CLG0253,B.Sc Nursing,NULL,NULL,NULL,NULL
PLC01013,CLG0254,MBBS,NULL,NULL,NULL,NULL
PLC01014,CLG0254,MD,NULL,NULL,NULL,NULL
PLC01015,CLG0254,MS,NULL,NULL,NULL,NULL
PLC01016,CLG0254,B.Sc Nursing,NULL,NULL,NULL,NULL
PLC01017,CLG0255,MBBS,NULL,NULL,NULL,NULL
PLC01018,CLG0255,MD,NULL,NULL,NULL,NULL
PLC01019,CLG0255,MS,NULL,NULL,NULL,NULL
PLC01020,CLG0255,B.Sc Nursing,NULL,NULL,NULL,NULL
PLC01021,CLG0256,MBBS,NULL,NULL,NULL,NULL
PLC01022,CLG0256,MD,NULL,NULL,NULL,NULL
PLC01023,CLG0256,MS,NULL,NULL,NULL,NULL
PLC01024,CLG0256,B.Sc Nursing,NULL,NULL,NULL,NULL
PLC01025,CLG0257,MBBS,NULL,NULL,NULL,NULL
PLC01026,CLG0257,MD,NULL,NULL,NULL,NULL
PLC01027,CLG0257,MS,NULL,NULL,NULL,NULL
PLC01028,CLG0257,B.Sc Nursing,NULL,NULL,NULL,NULL
PLC01029,CLG0258,MBBS,NULL,NULL,NULL,NULL
PLC01030,CLG0258,MD,NULL,NULL,NULL,NULL
PLC01031,CLG0258,MS,NULL,NULL,NULL,NULL
PLC01032,CLG0258,B.Sc Nursing,NULL,NULL,NULL,NULL
PLC01033,CLG0259,MBBS,NULL,NULL,NULL,NULL
PLC01034,CLG0259,MD,NULL,NULL,NULL,NULL
PLC01035,CLG0259,MS,NULL,NULL,NULL,NULL
PLC01036,CLG0259,B.Sc Nursing,NULL,NULL,NULL,NULL
PLC01037,CLG0260,MBBS,NULL,NULL,NULL,NULL
PLC01038,CLG0260,MD,NULL,NULL,NULL,NULL
PLC01039,CLG0260,MS,NULL,NULL,NULL,NULL
PLC01040,CLG0260,B.Sc Nursing,NULL,NULL,NULL,NULL
PLC01041,CLG0261,MBBS,NULL,NULL,NULL,NULL
PLC01042,CLG0261,MD,NULL,NULL,NULL,NULL
PLC01043,CLG0261,MS,NULL,NULL,NULL,NULL
PLC01044,CLG0261,B.Sc Nursing,NULL,NULL,NULL,NULL
PLC01045,CLG0262,MBBS,NULL,NULL,NULL,NULL
PLC01046,CLG0262,MD,NULL,NULL,NULL,NULL
PLC01047,CLG0262,MS,NULL,NULL,NULL,NULL
PLC01048,CLG0262,B.Sc Nursing,NULL,NULL,NULL,NULL
PLC01049,CLG0263,MBBS,NULL,NULL,NULL,NULL
PLC01050,CLG0263,MD,NULL,NULL,NULL,NULL
PLC01051,CLG0263,MS,NULL,NULL,NULL,NULL
PLC01052,CLG0263,B.Sc Nursing,NULL,NULL,NULL,NULL
PLC01053,CLG0264,MBBS,NULL,NULL,NULL,NULL
PLC01054,CLG0264,MD,NULL,NULL,NULL,NULL
PLC01055,CLG0264,MS,NULL,NULL,NULL,NULL
PLC01056,CLG0264,B.Sc Nursing,NULL,NULL,NULL,NULL
PLC01057,CLG0265,MBA,NULL,NULL,NULL,NULL
PLC01058,CLG0265,MBA,NULL,NULL,NULL,NULL
PLC01059,CLG0265,MBA,NULL,NULL,NULL,NULL
PLC01060,CLG0265,Executive MBA,NULL,NULL,NULL,NULL
PLC01061,CLG0266,MBA,NULL,NULL,NULL,NULL
PLC01062,CLG0266,MBA,NULL,NULL,NULL,NULL
PLC01063,CLG0266,MBA,NULL,NULL,NULL,NULL
PLC01064,CLG0266,Executive MBA,NULL,NULL,NULL,NULL
PLC01065,CLG0267,MBA,NULL,NULL,NULL,NULL
PLC01066,CLG0267,MBA,NULL,NULL,NULL,NULL
PLC01067,CLG0267,MBA,NULL,NULL,NULL,NULL
PLC01068,CLG0267,Executive MBA,NULL,NULL,NULL,NULL
PLC01069,CLG0268,MBA,NULL,NULL,NULL,NULL
PLC01070,CLG0268,MBA,NULL,NULL,NULL,NULL
PLC01071,CLG0268,MBA,NULL,NULL,NULL,NULL
PLC01072,CLG0268,Executive MBA,NULL,NULL,NULL,NULL
PLC01073,CLG0269,MBA,NULL,NULL,NULL,NULL
PLC01074,CLG0269,MBA,NULL,NULL,NULL,NULL
PLC01075,CLG0269,MBA,NULL,NULL,NULL,NULL
PLC01076,CLG0269,Executive MBA,NULL,NULL,NULL,NULL
PLC01077,CLG0270,MBA,NULL,NULL,NULL,NULL
PLC01078,CLG0270,MBA,NULL,NULL,NULL,NULL
PLC01079,CLG0270,MBA,NULL,NULL,NULL,NULL
PLC01080,CLG0270,Executive MBA,NULL,NULL,NULL,NULL
PLC01081,CLG0271,MBA,NULL,NULL,NULL,NULL
PLC01082,CLG0271,MBA,NULL,NULL,NULL,NULL
PLC01083,CLG0271,MBA,NULL,NULL,NULL,NULL
PLC01084,CLG0271,Executive MBA,NULL,NULL,NULL,NULL
PLC01085,CLG0272,MBA,NULL,NULL,NULL,NULL
PLC01086,CLG0272,MBA,NULL,NULL,NULL,NULL
PLC01087,CLG0272,MBA,NULL,NULL,NULL,NULL
PLC01088,CLG0272,Executive MBA,NULL,NULL,NULL,NULL
PLC01089,CLG0273,MBA,NULL,NULL,NULL,NULL
PLC01090,CLG0273,MBA,NULL,NULL,NULL,NULL
PLC01091,CLG0273,MBA,NULL,NULL,NULL,NULL
PLC01092,CLG0273,Executive MBA,NULL,NULL,NULL,NULL
PLC01093,CLG0274,MBA,NULL,NULL,NULL,NULL
PLC01094,CLG0274,MBA,NULL,NULL,NULL,NULL
PLC01095,CLG0274,MBA,NULL,NULL,NULL,NULL
PLC01096,CLG0274,Executive MBA,NULL,NULL,NULL,NULL
PLC01097,CLG0275,MBA,NULL,NULL,NULL,NULL
PLC01098,CLG0275,MBA,NULL,NULL,NULL,NULL
PLC01099,CLG0275,MBA,NULL,NULL,NULL,NULL
PLC01100,CLG0275,Executive MBA,NULL,NULL,NULL,NULL
PLC01101,CLG0276,MBA,NULL,NULL,NULL,NULL
PLC01102,CLG0276,MBA,NULL,NULL,NULL,NULL
PLC01103,CLG0276,MBA,NULL,NULL,NULL,NULL
PLC01104,CLG0276,Executive MBA,NULL,NULL,NULL,NULL
PLC01105,CLG0277,MBA,NULL,NULL,NULL,NULL
PLC01106,CLG0277,MBA,NULL,NULL,NULL,NULL
PLC01107,CLG0277,MBA,NULL,NULL,NULL,NULL
PLC01108,CLG0277,Executive MBA,NULL,NULL,NULL,NULL
PLC01109,CLG0278,MBA,NULL,NULL,NULL,NULL
PLC01110,CLG0278,MBA,NULL,NULL,NULL,NULL
PLC01111,CLG0278,MBA,NULL,NULL,NULL,NULL
PLC01112,CLG0278,Executive MBA,NULL,NULL,NULL,NULL
PLC01113,CLG0279,MBA,NULL,NULL,NULL,NULL
PLC01114,CLG0279,MBA,NULL,NULL,NULL,NULL
PLC01115,CLG0279,MBA,NULL,NULL,NULL,NULL
PLC01116,CLG0279,Executive MBA,NULL,NULL,NULL,NULL
PLC01117,CLG0280,BA (Hons),NULL,NULL,NULL,NULL
PLC01118,CLG0280,BSc (Hons),NULL,NULL,NULL,NULL
PLC01119,CLG0280,BCom (Hons),NULL,NULL,NULL,NULL
PLC01120,CLG0280,MA,NULL,NULL,NULL,NULL
PLC01121,CLG0281,BA (Hons),NULL,NULL,NULL,NULL
PLC01122,CLG0281,BSc (Hons),NULL,NULL,NULL,NULL
PLC01123,CLG0281,BCom (Hons),NULL,NULL,NULL,NULL
PLC01124,CLG0281,MA,NULL,NULL,NULL,NULL
PLC01125,CLG0282,BA (Hons),NULL,NULL,NULL,NULL
PLC01126,CLG0282,BSc (Hons),NULL,NULL,NULL,NULL
PLC01127,CLG0282,BCom (Hons),NULL,NULL,NULL,NULL
PLC01128,CLG0282,MA,NULL,NULL,NULL,NULL
PLC01129,CLG0283,BA (Hons),NULL,NULL,NULL,NULL
PLC01130,CLG0283,BSc (Hons),NULL,NULL,NULL,NULL
PLC01131,CLG0283,BCom (Hons),NULL,NULL,NULL,NULL
PLC01132,CLG0283,MA,NULL,NULL,NULL,NULL
PLC01133,CLG0284,BA (Hons),NULL,NULL,NULL,NULL
PLC01134,CLG0284,BSc (Hons),NULL,NULL,NULL,NULL
PLC01135,CLG0284,BCom (Hons),NULL,NULL,NULL,NULL
PLC01136,CLG0284,MA,NULL,NULL,NULL,NULL
PLC01137,CLG0285,BA (Hons),NULL,NULL,NULL,NULL
PLC01138,CLG0285,BSc (Hons),NULL,NULL,NULL,NULL
PLC01139,CLG0285,BCom (Hons),NULL,NULL,NULL,NULL
PLC01140,CLG0285,MA,NULL,NULL,NULL,NULL
PLC01141,CLG0286,BA (Hons),NULL,NULL,NULL,NULL
PLC01142,CLG0286,BSc (Hons),NULL,NULL,NULL,NULL
PLC01143,CLG0286,BCom (Hons),NULL,NULL,NULL,NULL
PLC01144,CLG0286,MA,NULL,NULL,NULL,NULL
PLC01145,CLG0287,BA (Hons),NULL,NULL,NULL,NULL
PLC01146,CLG0287,BSc (Hons),NULL,NULL,NULL,NULL
PLC01147,CLG0287,BCom (Hons),NULL,NULL,NULL,NULL
PLC01148,CLG0287,MA,NULL,NULL,NULL,NULL
PLC01149,CLG0288,BA (Hons),NULL,NULL,NULL,NULL
PLC01150,CLG0288,BSc (Hons),NULL,NULL,NULL,NULL
PLC01151,CLG0288,BCom (Hons),NULL,NULL,NULL,NULL
PLC01152,CLG0288,MA,NULL,NULL,NULL,NULL
PLC01153,CLG0289,BA (Hons),NULL,NULL,NULL,NULL
PLC01154,CLG0289,BSc (Hons),NULL,NULL,NULL,NULL
PLC01155,CLG0289,BCom (Hons),NULL,NULL,NULL,NULL
PLC01156,CLG0289,MA,NULL,NULL,NULL,NULL
PLC01157,CLG0290,BA (Hons),NULL,NULL,NULL,NULL
PLC01158,CLG0290,BSc (Hons),NULL,NULL,NULL,NULL
PLC01159,CLG0290,BCom (Hons),NULL,NULL,NULL,NULL
PLC01160,CLG0290,MA,NULL,NULL,NULL,NULL
PLC01161,CLG0291,BA (Hons),NULL,NULL,NULL,NULL
PLC01162,CLG0291,BSc (Hons),NULL,NULL,NULL,NULL
PLC01163,CLG0291,BCom (Hons),NULL,NULL,NULL,NULL
PLC01164,CLG0291,MA,NULL,NULL,NULL,NULL
PLC01165,CLG0292,BA (Hons),NULL,NULL,NULL,NULL
PLC01166,CLG0292,BSc (Hons),NULL,NULL,NULL,NULL
PLC01167,CLG0292,BCom (Hons),NULL,NULL,NULL,NULL
PLC01168,CLG0292,MA,NULL,NULL,NULL,NULL
PLC01169,CLG0293,BA (Hons),NULL,NULL,NULL,NULL
PLC01170,CLG0293,BSc (Hons),NULL,NULL,NULL,NULL
PLC01171,CLG0293,BCom (Hons),NULL,NULL,NULL,NULL
PLC01172,CLG0293,MA,NULL,NULL,NULL,NULL
PLC01173,CLG0294,BA (Hons),NULL,NULL,NULL,NULL
PLC01174,CLG0294,BSc (Hons),NULL,NULL,NULL,NULL
PLC01175,CLG0294,BCom (Hons),NULL,NULL,NULL,NULL
PLC01176,CLG0294,MA,NULL,NULL,NULL,NULL
PLC01177,CLG0295,BA (Hons),NULL,NULL,NULL,NULL
PLC01178,CLG0295,BSc (Hons),NULL,NULL,NULL,NULL
PLC01179,CLG0295,BCom (Hons),NULL,NULL,NULL,NULL
PLC01180,CLG0295,MA,NULL,NULL,NULL,NULL
PLC01181,CLG0296,BA (Hons),NULL,NULL,NULL,NULL
PLC01182,CLG0296,BSc (Hons),NULL,NULL,NULL,NULL
PLC01183,CLG0296,BCom (Hons),NULL,NULL,NULL,NULL
PLC01184,CLG0296,MA,NULL,NULL,NULL,NULL
PLC01185,CLG0297,BA (Hons),NULL,NULL,NULL,NULL
PLC01186,CLG0297,BSc (Hons),NULL,NULL,NULL,NULL
PLC01187,CLG0297,BCom (Hons),NULL,NULL,NULL,NULL
PLC01188,CLG0297,MA,NULL,NULL,NULL,NULL
PLC01189,CLG0298,BA (Hons),NULL,NULL,NULL,NULL
PLC01190,CLG0298,BSc (Hons),NULL,NULL,NULL,NULL
PLC01191,CLG0298,BCom (Hons),NULL,NULL,NULL,NULL
PLC01192,CLG0298,MA,NULL,NULL,NULL,NULL
PLC01193,CLG0299,BA (Hons),NULL,NULL,NULL,NULL
PLC01194,CLG0299,BSc (Hons),NULL,NULL,NULL,NULL
PLC01195,CLG0299,BCom (Hons),NULL,NULL,NULL,NULL
PLC01196,CLG0299,MA,NULL,NULL,NULL,NULL
PLC01197,CLG0300,BCom (Hons),NULL,NULL,NULL,NULL
PLC01198,CLG0300,BCom,NULL,NULL,NULL,NULL
PLC01199,CLG0300,MCom,NULL,NULL,NULL,NULL
PLC01200,CLG0300,BBA,NULL,NULL,NULL,NULL
PLC01201,CLG0301,BCom (Hons),NULL,NULL,NULL,NULL
PLC01202,CLG0301,BCom,NULL,NULL,NULL,NULL
PLC01203,CLG0301,MCom,NULL,NULL,NULL,NULL
PLC01204,CLG0301,BBA,NULL,NULL,NULL,NULL
PLC01205,CLG0302,BA (Hons),NULL,NULL,NULL,NULL
PLC01206,CLG0302,BSc (Hons),NULL,NULL,NULL,NULL
PLC01207,CLG0302,BCom (Hons),NULL,NULL,NULL,NULL
PLC01208,CLG0302,MA,NULL,NULL,NULL,NULL
PLC01209,CLG0303,BA (Hons),NULL,NULL,NULL,NULL
PLC01210,CLG0303,BSc (Hons),NULL,NULL,NULL,NULL
PLC01211,CLG0303,BCom (Hons),NULL,NULL,NULL,NULL
PLC01212,CLG0303,MA,NULL,NULL,NULL,NULL
PLC01213,CLG0304,BA (Hons),NULL,NULL,NULL,NULL
PLC01214,CLG0304,BSc (Hons),NULL,NULL,NULL,NULL
PLC01215,CLG0304,BCom (Hons),NULL,NULL,NULL,NULL
PLC01216,CLG0304,MA,NULL,NULL,NULL,NULL
PLC01217,CLG0305,BA (Hons),NULL,NULL,NULL,NULL
PLC01218,CLG0305,BSc (Hons),NULL,NULL,NULL,NULL
PLC01219,CLG0305,MA,NULL,NULL,NULL,NULL
PLC01220,CLG0305,MSc,NULL,NULL,NULL,NULL
PLC01221,CLG0306,BA (Hons),NULL,NULL,NULL,NULL
PLC01222,CLG0306,BSc (Hons),NULL,NULL,NULL,NULL
PLC01223,CLG0306,MA,NULL,NULL,NULL,NULL
PLC01224,CLG0306,MSc,NULL,NULL,NULL,NULL
PLC01225,CLG0307,BA (Hons),NULL,NULL,NULL,NULL
PLC01226,CLG0307,BSc (Hons),NULL,NULL,NULL,NULL
PLC01227,CLG0307,MA,NULL,NULL,NULL,NULL
PLC01228,CLG0307,MSc,NULL,NULL,NULL,NULL
PLC01229,CLG0308,BA (Hons),NULL,NULL,NULL,NULL
PLC01230,CLG0308,BSc (Hons),NULL,NULL,NULL,NULL
PLC01231,CLG0308,MA,NULL,NULL,NULL,NULL
PLC01232,CLG0308,MSc,NULL,NULL,NULL,NULL
PLC01233,CLG0309,BA (Hons),NULL,NULL,NULL,NULL
PLC01234,CLG0309,BSc (Hons),NULL,NULL,NULL,NULL
PLC01235,CLG0309,MA,NULL,NULL,NULL,NULL
PLC01236,CLG0309,MSc,NULL,NULL,NULL,NULL
PLC01237,CLG0310,BA (Hons),NULL,NULL,NULL,NULL
PLC01238,CLG0310,BSc (Hons),NULL,NULL,NULL,NULL
PLC01239,CLG0310,MA,NULL,NULL,NULL,NULL
PLC01240,CLG0310,MSc,NULL,NULL,NULL,NULL
PLC01241,CLG0311,BA (Hons),NULL,NULL,NULL,NULL
PLC01242,CLG0311,BSc (Hons),NULL,NULL,NULL,NULL
PLC01243,CLG0311,MA,NULL,NULL,NULL,NULL
PLC01244,CLG0311,MSc,NULL,NULL,NULL,NULL
PLC01245,CLG0312,BA (Hons),NULL,NULL,NULL,NULL
PLC01246,CLG0312,BSc (Hons),NULL,NULL,NULL,NULL
PLC01247,CLG0312,MA,NULL,NULL,NULL,NULL
PLC01248,CLG0312,MSc,NULL,NULL,NULL,NULL
PLC01249,CLG0313,BA (Hons),NULL,NULL,NULL,NULL
PLC01250,CLG0313,BSc (Hons),NULL,NULL,NULL,NULL
PLC01251,CLG0313,MA,NULL,NULL,NULL,NULL
PLC01252,CLG0313,MSc,NULL,NULL,NULL,NULL
PLC01253,CLG0314,BA (Hons),NULL,NULL,NULL,NULL
PLC01254,CLG0314,BSc (Hons),NULL,NULL,NULL,NULL
PLC01255,CLG0314,MA,NULL,NULL,NULL,NULL
PLC01256,CLG0314,MSc,NULL,NULL,NULL,NULL
PLC01257,CLG0315,BA (Hons),NULL,NULL,NULL,NULL
PLC01258,CLG0315,BSc (Hons),NULL,NULL,NULL,NULL
PLC01259,CLG0315,MA,NULL,NULL,NULL,NULL
PLC01260,CLG0315,MSc,NULL,NULL,NULL,NULL
PLC01261,CLG0316,BA (Hons),NULL,NULL,NULL,NULL
PLC01262,CLG0316,BSc (Hons),NULL,NULL,NULL,NULL
PLC01263,CLG0316,MA,NULL,NULL,NULL,NULL
PLC01264,CLG0316,MSc,NULL,NULL,NULL,NULL
PLC01265,CLG0317,BA (Hons),NULL,NULL,NULL,NULL
PLC01266,CLG0317,BSc (Hons),NULL,NULL,NULL,NULL
PLC01267,CLG0317,MA,NULL,NULL,NULL,NULL
PLC01268,CLG0317,MSc,NULL,NULL,NULL,NULL
PLC01269,CLG0318,BA (Hons),NULL,NULL,NULL,NULL
PLC01270,CLG0318,BSc (Hons),NULL,NULL,NULL,NULL
PLC01271,CLG0318,MA,NULL,NULL,NULL,NULL
PLC01272,CLG0318,MSc,NULL,NULL,NULL,NULL
PLC01273,CLG0319,BA (Hons),NULL,NULL,NULL,NULL
PLC01274,CLG0319,BSc (Hons),NULL,NULL,NULL,NULL
PLC01275,CLG0319,MA,NULL,NULL,NULL,NULL
PLC01276,CLG0319,MSc,NULL,NULL,NULL,NULL
PLC01277,CLG0320,BA (Hons),NULL,NULL,NULL,NULL
PLC01278,CLG0320,BSc (Hons),NULL,NULL,NULL,NULL
PLC01279,CLG0320,MA,NULL,NULL,NULL,NULL
PLC01280,CLG0320,MSc,NULL,NULL,NULL,NULL
PLC01281,CLG0321,BA (Hons),NULL,NULL,NULL,NULL
PLC01282,CLG0321,BSc (Hons),NULL,NULL,NULL,NULL
PLC01283,CLG0321,MA,NULL,NULL,NULL,NULL
PLC01284,CLG0321,MSc,NULL,NULL,NULL,NULL
PLC01285,CLG0322,BA (Hons),NULL,NULL,NULL,NULL
PLC01286,CLG0322,BSc (Hons),NULL,NULL,NULL,NULL
PLC01287,CLG0322,MA,NULL,NULL,NULL,NULL
PLC01288,CLG0322,MSc,NULL,NULL,NULL,NULL
PLC01289,CLG0323,BA (Hons),NULL,NULL,NULL,NULL
PLC01290,CLG0323,BSc (Hons),NULL,NULL,NULL,NULL
PLC01291,CLG0323,MA,NULL,NULL,NULL,NULL
PLC01292,CLG0323,MSc,NULL,NULL,NULL,NULL
PLC01293,CLG0324,BA (Hons),NULL,NULL,NULL,NULL
PLC01294,CLG0324,BSc (Hons),NULL,NULL,NULL,NULL
PLC01295,CLG0324,MA,NULL,NULL,NULL,NULL
PLC01296,CLG0324,MSc,NULL,NULL,NULL,NULL
PLC01297,CLG0325,BA (Hons),NULL,NULL,NULL,NULL
PLC01298,CLG0325,BSc (Hons),NULL,NULL,NULL,NULL
PLC01299,CLG0325,MA,NULL,NULL,NULL,NULL
PLC01300,CLG0325,MSc,NULL,NULL,NULL,NULL
PLC01301,CLG0326,BA (Hons),NULL,NULL,NULL,NULL
PLC01302,CLG0326,BSc (Hons),NULL,NULL,NULL,NULL
PLC01303,CLG0326,MA,NULL,NULL,NULL,NULL
PLC01304,CLG0326,MSc,NULL,NULL,NULL,NULL
PLC01305,CLG0327,BA (Hons),NULL,NULL,NULL,NULL
PLC01306,CLG0327,BSc (Hons),NULL,NULL,NULL,NULL
PLC01307,CLG0327,MA,NULL,NULL,NULL,NULL
PLC01308,CLG0327,MSc,NULL,NULL,NULL,NULL
PLC01309,CLG0328,BA (Hons),NULL,NULL,NULL,NULL
PLC01310,CLG0328,BSc (Hons),NULL,NULL,NULL,NULL
PLC01311,CLG0328,MA,NULL,NULL,NULL,NULL
PLC01312,CLG0328,MSc,NULL,NULL,NULL,NULL
PLC01313,CLG0329,BA (Hons),NULL,NULL,NULL,NULL
PLC01314,CLG0329,BSc (Hons),NULL,NULL,NULL,NULL
PLC01315,CLG0329,MA,NULL,NULL,NULL,NULL
PLC01316,CLG0329,MSc,NULL,NULL,NULL,NULL
PLC01317,CLG0330,BA (Hons),NULL,NULL,NULL,NULL
PLC01318,CLG0330,BSc (Hons),NULL,NULL,NULL,NULL
PLC01319,CLG0330,MA,NULL,NULL,NULL,NULL
PLC01320,CLG0330,MSc,NULL,NULL,NULL,NULL
PLC01321,CLG0331,BA (Hons),NULL,NULL,NULL,NULL
PLC01322,CLG0331,BSc (Hons),NULL,NULL,NULL,NULL
PLC01323,CLG0331,MA,NULL,NULL,NULL,NULL
PLC01324,CLG0331,MSc,NULL,NULL,NULL,NULL
PLC01325,CLG0332,BA (Hons),NULL,NULL,NULL,NULL
PLC01326,CLG0332,BSc (Hons),NULL,NULL,NULL,NULL
PLC01327,CLG0332,MA,NULL,NULL,NULL,NULL
PLC01328,CLG0332,MSc,NULL,NULL,NULL,NULL
PLC01329,CLG0333,BA (Hons),NULL,NULL,NULL,NULL
PLC01330,CLG0333,BSc (Hons),NULL,NULL,NULL,NULL
PLC01331,CLG0333,MA,NULL,NULL,NULL,NULL
PLC01332,CLG0333,MSc,NULL,NULL,NULL,NULL
PLC01333,CLG0334,BA (Hons),NULL,NULL,NULL,NULL
PLC01334,CLG0334,BSc (Hons),NULL,NULL,NULL,NULL
PLC01335,CLG0334,MA,NULL,NULL,NULL,NULL
PLC01336,CLG0334,MSc,NULL,NULL,NULL,NULL
PLC01337,CLG0335,BA (Hons),NULL,NULL,NULL,NULL
PLC01338,CLG0335,BSc (Hons),NULL,NULL,NULL,NULL
PLC01339,CLG0335,MA,NULL,NULL,NULL,NULL
PLC01340,CLG0335,MSc,NULL,NULL,NULL,NULL
PLC01341,CLG0336,BA (Hons),NULL,NULL,NULL,NULL
PLC01342,CLG0336,BSc (Hons),NULL,NULL,NULL,NULL
PLC01343,CLG0336,MA,NULL,NULL,NULL,NULL
PLC01344,CLG0336,MSc,NULL,NULL,NULL,NULL
PLC01345,CLG0337,BA (Hons),NULL,NULL,NULL,NULL
PLC01346,CLG0337,BSc (Hons),NULL,NULL,NULL,NULL
PLC01347,CLG0337,MA,NULL,NULL,NULL,NULL
PLC01348,CLG0337,MSc,NULL,NULL,NULL,NULL
PLC01349,CLG0338,BA (Hons),NULL,NULL,NULL,NULL
PLC01350,CLG0338,BSc (Hons),NULL,NULL,NULL,NULL
PLC01351,CLG0338,MA,NULL,NULL,NULL,NULL
PLC01352,CLG0338,MSc,NULL,NULL,NULL,NULL
PLC01353,CLG0339,BA (Hons),NULL,NULL,NULL,NULL
PLC01354,CLG0339,BSc (Hons),NULL,NULL,NULL,NULL
PLC01355,CLG0339,MA,NULL,NULL,NULL,NULL
PLC01356,CLG0339,MSc,NULL,NULL,NULL,NULL
PLC01357,CLG0340,BA (Hons),NULL,NULL,NULL,NULL
PLC01358,CLG0340,BSc (Hons),NULL,NULL,NULL,NULL
PLC01359,CLG0340,MA,NULL,NULL,NULL,NULL
PLC01360,CLG0340,MSc,NULL,NULL,NULL,NULL
PLC01361,CLG0341,BA (Hons),NULL,NULL,NULL,NULL
PLC01362,CLG0341,BSc (Hons),NULL,NULL,NULL,NULL
PLC01363,CLG0341,MA,NULL,NULL,NULL,NULL
PLC01364,CLG0341,MSc,NULL,NULL,NULL,NULL
PLC01365,CLG0342,BA (Hons),NULL,NULL,NULL,NULL
PLC01366,CLG0342,BSc (Hons),NULL,NULL,NULL,NULL
PLC01367,CLG0342,MA,NULL,NULL,NULL,NULL
PLC01368,CLG0342,MSc,NULL,NULL,NULL,NULL
PLC01369,CLG0343,BA (Hons),NULL,NULL,NULL,NULL
PLC01370,CLG0343,BSc (Hons),NULL,NULL,NULL,NULL
PLC01371,CLG0343,MA,NULL,NULL,NULL,NULL
PLC01372,CLG0343,MSc,NULL,NULL,NULL,NULL
PLC01373,CLG0344,BA (Hons),NULL,NULL,NULL,NULL
PLC01374,CLG0344,BSc (Hons),NULL,NULL,NULL,NULL
PLC01375,CLG0344,MA,NULL,NULL,NULL,NULL
PLC01376,CLG0344,MSc,NULL,NULL,NULL,NULL
PLC01377,CLG0345,BA (Hons),NULL,NULL,NULL,NULL
PLC01378,CLG0345,BSc (Hons),NULL,NULL,NULL,NULL
PLC01379,CLG0345,MA,NULL,NULL,NULL,NULL
PLC01380,CLG0345,MSc,NULL,NULL,NULL,NULL
PLC01381,CLG0346,BA (Hons),NULL,NULL,NULL,NULL
PLC01382,CLG0346,BSc (Hons),NULL,NULL,NULL,NULL
PLC01383,CLG0346,MA,NULL,NULL,NULL,NULL
PLC01384,CLG0346,MSc,NULL,NULL,NULL,NULL
PLC01385,CLG0347,BA (Hons),NULL,NULL,NULL,NULL
PLC01386,CLG0347,BSc (Hons),NULL,NULL,NULL,NULL
PLC01387,CLG0347,MA,NULL,NULL,NULL,NULL
PLC01388,CLG0347,MSc,NULL,NULL,NULL,NULL
PLC01389,CLG0348,BA (Hons),NULL,NULL,NULL,NULL
PLC01390,CLG0348,BSc (Hons),NULL,NULL,NULL,NULL
PLC01391,CLG0348,MA,NULL,NULL,NULL,NULL
PLC01392,CLG0348,MSc,NULL,NULL,NULL,NULL
PLC01393,CLG0349,BA (Hons),NULL,NULL,NULL,NULL
PLC01394,CLG0349,BSc (Hons),NULL,NULL,NULL,NULL
PLC01395,CLG0349,MA,NULL,NULL,NULL,NULL
PLC01396,CLG0349,MSc,NULL,NULL,NULL,NULL
PLC01397,CLG0350,BA (Hons),NULL,NULL,NULL,NULL
PLC01398,CLG0350,BSc (Hons),NULL,NULL,NULL,NULL
PLC01399,CLG0350,MA,NULL,NULL,NULL,NULL
PLC01400,CLG0350,MSc,NULL,NULL,NULL,NULL
PLC01401,CLG0351,BA (Hons),NULL,NULL,NULL,NULL
PLC01402,CLG0351,BSc (Hons),NULL,NULL,NULL,NULL
PLC01403,CLG0351,MA,NULL,NULL,NULL,NULL
PLC01404,CLG0351,MSc,NULL,NULL,NULL,NULL
PLC01405,CLG0352,BA (Hons),NULL,NULL,NULL,NULL
PLC01406,CLG0352,BSc (Hons),NULL,NULL,NULL,NULL
PLC01407,CLG0352,MA,NULL,NULL,NULL,NULL
PLC01408,CLG0352,MSc,NULL,NULL,NULL,NULL
PLC01409,CLG0353,BA (Hons),NULL,NULL,NULL,NULL
PLC01410,CLG0353,BSc (Hons),NULL,NULL,NULL,NULL
PLC01411,CLG0353,MA,NULL,NULL,NULL,NULL
PLC01412,CLG0353,MSc,NULL,NULL,NULL,NULL
PLC01413,CLG0354,BA (Hons),NULL,NULL,NULL,NULL
PLC01414,CLG0354,BSc (Hons),NULL,NULL,NULL,NULL
PLC01415,CLG0354,MA,NULL,NULL,NULL,NULL
PLC01416,CLG0354,MSc,NULL,NULL,NULL,NULL
PLC01417,CLG0355,B.Arch,NULL,NULL,NULL,NULL
PLC01418,CLG0355,M.Arch,NULL,NULL,NULL,NULL
PLC01419,CLG0355,M.Plan,NULL,NULL,NULL,NULL
PLC01420,CLG0355,B.Arch,NULL,NULL,NULL,NULL
PLC01421,CLG0356,B.Arch,NULL,NULL,NULL,NULL
PLC01422,CLG0356,M.Arch,NULL,NULL,NULL,NULL
PLC01423,CLG0356,M.Plan,NULL,NULL,NULL,NULL
PLC01424,CLG0356,B.Arch,NULL,NULL,NULL,NULL
PLC01425,CLG0357,B.Arch,NULL,NULL,NULL,NULL
PLC01426,CLG0357,M.Arch,NULL,NULL,NULL,NULL
PLC01427,CLG0357,M.Plan,NULL,NULL,NULL,NULL
PLC01428,CLG0357,B.Arch,NULL,NULL,NULL,NULL
PLC01429,CLG0358,B.Arch,NULL,NULL,NULL,NULL
PLC01430,CLG0358,M.Arch,NULL,NULL,NULL,NULL
PLC01431,CLG0358,M.Plan,NULL,NULL,NULL,NULL
PLC01432,CLG0358,B.Arch,NULL,NULL,NULL,NULL
PLC01433,CLG0359,B.Arch,NULL,NULL,NULL,NULL
PLC01434,CLG0359,M.Arch,NULL,NULL,NULL,NULL
PLC01435,CLG0359,M.Plan,NULL,NULL,NULL,NULL
PLC01436,CLG0359,B.Arch,NULL,NULL,NULL,NULL
PLC01437,CLG0360,B.Arch,NULL,NULL,NULL,NULL
PLC01438,CLG0360,M.Arch,NULL,NULL,NULL,NULL
PLC01439,CLG0360,M.Plan,NULL,NULL,NULL,NULL
PLC01440,CLG0360,B.Arch,NULL,NULL,NULL,NULL
PLC01441,CLG0361,B.Pharm,NULL,NULL,NULL,NULL
PLC01442,CLG0361,M.Pharm,NULL,NULL,NULL,NULL
PLC01443,CLG0361,Pharm.D,NULL,NULL,NULL,NULL
PLC01444,CLG0361,M.Pharm,NULL,NULL,NULL,NULL
PLC01445,CLG0362,B.Pharm,NULL,NULL,NULL,NULL
PLC01446,CLG0362,M.Pharm,NULL,NULL,NULL,NULL
PLC01447,CLG0362,Pharm.D,NULL,NULL,NULL,NULL
PLC01448,CLG0362,M.Pharm,NULL,NULL,NULL,NULL
PLC01449,CLG0363,B.Pharm,NULL,NULL,NULL,NULL
PLC01450,CLG0363,M.Pharm,NULL,NULL,NULL,NULL
PLC01451,CLG0363,Pharm.D,NULL,NULL,NULL,NULL
PLC01452,CLG0363,M.Pharm,NULL,NULL,NULL,NULL
PLC01453,CLG0364,B.Pharm,NULL,NULL,NULL,NULL
PLC01454,CLG0364,M.Pharm,NULL,NULL,NULL,NULL
PLC01455,CLG0364,Pharm.D,NULL,NULL,NULL,NULL
PLC01456,CLG0364,M.Pharm,NULL,NULL,NULL,NULL
PLC01457,CLG0365,B.Pharm,NULL,NULL,NULL,NULL
PLC01458,CLG0365,M.Pharm,NULL,NULL,NULL,NULL
PLC01459,CLG0365,Pharm.D,NULL,NULL,NULL,NULL
PLC01460,CLG0365,M.Pharm,NULL,NULL,NULL,NULL
PLC01461,CLG0366,B.Tech,NULL,NULL,NULL,NULL
PLC01462,CLG0366,B.Tech,NULL,NULL,NULL,NULL
PLC01463,CLG0366,B.Tech,NULL,NULL,NULL,NULL
PLC01464,CLG0366,M.Tech,NULL,NULL,NULL,NULL
PLC01465,CLG0367,B.Pharm,NULL,NULL,NULL,NULL
PLC01466,CLG0367,M.Pharm,NULL,NULL,NULL,NULL
PLC01467,CLG0367,Pharm.D,NULL,NULL,NULL,NULL
PLC01468,CLG0367,M.Pharm,NULL,NULL,NULL,NULL
PLC01469,CLG0368,BSc (Hons) Agriculture,NULL,NULL,NULL,NULL
PLC01470,CLG0368,MSc Agriculture,NULL,NULL,NULL,NULL
PLC01471,CLG0368,BTech,NULL,NULL,NULL,NULL
PLC01472,CLG0368,MSc Agriculture,NULL,NULL,NULL,NULL
PLC01473,CLG0369,BSc (Hons) Agriculture,NULL,NULL,NULL,NULL
PLC01474,CLG0369,MSc Agriculture,NULL,NULL,NULL,NULL
PLC01475,CLG0369,BTech,NULL,NULL,NULL,NULL
PLC01476,CLG0369,MSc Agriculture,NULL,NULL,NULL,NULL
PLC01477,CLG0370,BSc (Hons) Agriculture,NULL,NULL,NULL,NULL
PLC01478,CLG0370,MSc Agriculture,NULL,NULL,NULL,NULL
PLC01479,CLG0370,BTech,NULL,NULL,NULL,NULL
PLC01480,CLG0370,MSc Agriculture,NULL,NULL,NULL,NULL
PLC01481,CLG0371,BSc (Hons) Agriculture,NULL,NULL,NULL,NULL
PLC01482,CLG0371,MSc Agriculture,NULL,NULL,NULL,NULL
PLC01483,CLG0371,BTech,NULL,NULL,NULL,NULL
PLC01484,CLG0371,MSc Agriculture,NULL,NULL,NULL,NULL
PLC01485,CLG0372,BSc (Hons) Agriculture,NULL,NULL,NULL,NULL
PLC01486,CLG0372,MSc Agriculture,NULL,NULL,NULL,NULL
PLC01487,CLG0372,BTech,NULL,NULL,NULL,NULL
PLC01488,CLG0372,MSc Agriculture,NULL,NULL,NULL,NULL
PLC01489,CLG0373,BSc (Hons) Agriculture,NULL,NULL,NULL,NULL
PLC01490,CLG0373,MSc Agriculture,NULL,NULL,NULL,NULL
PLC01491,CLG0373,BTech,NULL,NULL,NULL,NULL
PLC01492,CLG0373,MSc Agriculture,NULL,NULL,NULL,NULL
PLC01493,CLG0374,BSc (Hons) Agriculture,NULL,NULL,NULL,NULL
PLC01494,CLG0374,MSc Agriculture,NULL,NULL,NULL,NULL
PLC01495,CLG0374,BTech,NULL,NULL,NULL,NULL
PLC01496,CLG0374,MSc Agriculture,NULL,NULL,NULL,NULL
PLC01497,CLG0375,BSc (Hons) Agriculture,NULL,NULL,NULL,NULL
PLC01498,CLG0375,MSc Agriculture,NULL,NULL,NULL,NULL
PLC01499,CLG0375,BTech,NULL,NULL,NULL,NULL
PLC01500,CLG0375,MSc Agriculture,NULL,NULL,NULL,NULL
PLC01501,CLG0376,BSc (Hons) Agriculture,NULL,NULL,NULL,NULL
PLC01502,CLG0376,MSc Agriculture,NULL,NULL,NULL,NULL
PLC01503,CLG0376,BTech,NULL,NULL,NULL,NULL
PLC01504,CLG0376,MSc Agriculture,NULL,NULL,NULL,NULL
PLC01505,CLG0377,BSc (Hons) Agriculture,NULL,NULL,NULL,NULL
PLC01506,CLG0377,MSc Agriculture,NULL,NULL,NULL,NULL
PLC01507,CLG0377,BTech,NULL,NULL,NULL,NULL
PLC01508,CLG0377,MSc Agriculture,NULL,NULL,NULL,NULL
PLC01509,CLG0378,BSc (Hons) Agriculture,NULL,NULL,NULL,NULL
PLC01510,CLG0378,MSc Agriculture,NULL,NULL,NULL,NULL
PLC01511,CLG0378,BTech,NULL,NULL,NULL,NULL
PLC01512,CLG0378,MSc Agriculture,NULL,NULL,NULL,NULL
PLC01513,CLG0379,BDS,NULL,NULL,NULL,NULL
PLC01514,CLG0379,MDS,NULL,NULL,NULL,NULL
PLC01515,CLG0379,MDS,NULL,NULL,NULL,NULL
PLC01516,CLG0379,BDS,NULL,NULL,NULL,NULL
PLC01517,CLG0380,BDS,NULL,NULL,NULL,NULL
PLC01518,CLG0380,MDS,NULL,NULL,NULL,NULL
PLC01519,CLG0380,MDS,NULL,NULL,NULL,NULL
PLC01520,CLG0380,BDS,NULL,NULL,NULL,NULL
PLC01521,CLG0381,BDS,NULL,NULL,NULL,NULL
PLC01522,CLG0381,MDS,NULL,NULL,NULL,NULL
PLC01523,CLG0381,MDS,NULL,NULL,NULL,NULL
PLC01524,CLG0381,BDS,NULL,NULL,NULL,NULL
PLC01525,CLG0382,BDS,NULL,NULL,NULL,NULL
PLC01526,CLG0382,MDS,NULL,NULL,NULL,NULL
PLC01527,CLG0382,MDS,NULL,NULL,NULL,NULL
PLC01528,CLG0382,BDS,NULL,NULL,NULL,NULL
PLC01529,CLG0383,BDS,NULL,NULL,NULL,NULL
PLC01530,CLG0383,MDS,NULL,NULL,NULL,NULL
PLC01531,CLG0383,MDS,NULL,NULL,NULL,NULL
PLC01532,CLG0383,BDS,NULL,NULL,NULL,NULL
PLC01533,CLG0384,BDS,NULL,NULL,NULL,NULL
PLC01534,CLG0384,MDS,NULL,NULL,NULL,NULL
PLC01535,CLG0384,MDS,NULL,NULL,NULL,NULL
PLC01536,CLG0384,BDS,NULL,NULL,NULL,NULL
PLC01537,CLG0385,BDS,NULL,NULL,NULL,NULL
PLC01538,CLG0385,MDS,NULL,NULL,NULL,NULL
PLC01539,CLG0385,MDS,NULL,NULL,NULL,NULL
PLC01540,CLG0385,BDS,NULL,NULL,NULL,NULL
PLC01541,CLG0386,BA (Hons),NULL,NULL,NULL,NULL
PLC01542,CLG0386,BSc (Hons),NULL,NULL,NULL,NULL
PLC01543,CLG0386,MA,NULL,NULL,NULL,NULL
PLC01544,CLG0386,MSc,NULL,NULL,NULL,NULL
PLC01545,CLG0387,BA (Hons),NULL,NULL,NULL,NULL
PLC01546,CLG0387,BSc (Hons),NULL,NULL,NULL,NULL
PLC01547,CLG0387,MA,NULL,NULL,NULL,NULL
PLC01548,CLG0387,MSc,NULL,NULL,NULL,NULL
PLC01549,CLG0388,BA (Hons),NULL,NULL,NULL,NULL
PLC01550,CLG0388,BSc (Hons),NULL,NULL,NULL,NULL
PLC01551,CLG0388,MA,NULL,NULL,NULL,NULL
PLC01552,CLG0388,MSc,NULL,NULL,NULL,NULL
PLC01553,CLG0389,BA (Hons),NULL,NULL,NULL,NULL
PLC01554,CLG0389,BSc (Hons),NULL,NULL,NULL,NULL
PLC01555,CLG0389,MA,NULL,NULL,NULL,NULL
PLC01556,CLG0389,MSc,NULL,NULL,NULL,NULL
PLC01557,CLG0390,BA (Hons),NULL,NULL,NULL,NULL
PLC01558,CLG0390,BSc (Hons),NULL,NULL,NULL,NULL
PLC01559,CLG0390,MA,NULL,NULL,NULL,NULL
PLC01560,CLG0390,MSc,NULL,NULL,NULL,NULL
PLC01561,CLG0391,BA (Hons),NULL,NULL,NULL,NULL
PLC01562,CLG0391,BSc (Hons),NULL,NULL,NULL,NULL
PLC01563,CLG0391,MA,NULL,NULL,NULL,NULL
PLC01564,CLG0391,MSc,NULL,NULL,NULL,NULL
PLC01565,CLG0392,BA (Hons),NULL,NULL,NULL,NULL
PLC01566,CLG0392,BSc (Hons),NULL,NULL,NULL,NULL
PLC01567,CLG0392,MA,NULL,NULL,NULL,NULL
PLC01568,CLG0392,MSc,NULL,NULL,NULL,NULL
PLC01569,CLG0393,BA (Hons),NULL,NULL,NULL,NULL
PLC01570,CLG0393,BSc (Hons),NULL,NULL,NULL,NULL
PLC01571,CLG0393,MA,NULL,NULL,NULL,NULL
PLC01572,CLG0393,MSc,NULL,NULL,NULL,NULL
PLC01573,CLG0394,BA (Hons),NULL,NULL,NULL,NULL
PLC01574,CLG0394,BSc (Hons),NULL,NULL,NULL,NULL
PLC01575,CLG0394,MA,NULL,NULL,NULL,NULL
PLC01576,CLG0394,MSc,NULL,NULL,NULL,NULL
PLC01577,CLG0395,BA (Hons),NULL,NULL,NULL,NULL
PLC01578,CLG0395,BSc (Hons),NULL,NULL,NULL,NULL
PLC01579,CLG0395,MA,NULL,NULL,NULL,NULL
PLC01580,CLG0395,MSc,NULL,NULL,NULL,NULL
PLC01581,CLG0396,BA (Hons),NULL,NULL,NULL,NULL
PLC01582,CLG0396,BSc (Hons),NULL,NULL,NULL,NULL
PLC01583,CLG0396,MA,NULL,NULL,NULL,NULL
PLC01584,CLG0396,MSc,NULL,NULL,NULL,NULL
PLC01585,CLG0397,B.Tech,NULL,NULL,NULL,NULL
PLC01586,CLG0397,B.Tech,NULL,NULL,NULL,NULL
PLC01587,CLG0397,B.Tech,NULL,NULL,NULL,NULL
PLC01588,CLG0397,M.Tech,NULL,NULL,NULL,NULL
PLC01589,CLG0398,B.Tech,NULL,NULL,NULL,NULL
PLC01590,CLG0398,B.Tech,NULL,NULL,NULL,NULL
PLC01591,CLG0398,B.Tech,NULL,NULL,NULL,NULL
PLC01592,CLG0398,M.Tech,NULL,NULL,NULL,NULL
PLC01593,CLG0399,BA (Hons),NULL,NULL,NULL,NULL
PLC01594,CLG0399,BSc (Hons),NULL,NULL,NULL,NULL
PLC01595,CLG0399,MA,NULL,NULL,NULL,NULL
PLC01596,CLG0399,MSc,NULL,NULL,NULL,NULL
PLC01597,CLG0400,B.Tech,NULL,NULL,NULL,NULL
PLC01598,CLG0400,B.Tech,NULL,NULL,NULL,NULL
PLC01599,CLG0400,B.Tech,NULL,NULL,NULL,NULL
PLC01600,CLG0400,M.Tech,NULL,NULL,NULL,NULL
PLC01601,CLG0401,BA (Hons),NULL,NULL,NULL,NULL
PLC01602,CLG0401,BSc (Hons),NULL,NULL,NULL,NULL
PLC01603,CLG0401,MA,NULL,NULL,NULL,NULL
PLC01604,CLG0401,MSc,NULL,NULL,NULL,NULL
PLC01605,CLG0402,B.Tech,NULL,NULL,NULL,NULL
PLC01606,CLG0402,B.Tech,NULL,NULL,NULL,NULL
PLC01607,CLG0402,B.Tech,NULL,NULL,NULL,NULL
PLC01608,CLG0402,M.Tech,NULL,NULL,NULL,NULL
PLC01609,CLG0403,B.Tech,NULL,NULL,NULL,NULL
PLC01610,CLG0403,B.Tech,NULL,NULL,NULL,NULL
PLC01611,CLG0403,B.Tech,NULL,NULL,NULL,NULL
PLC01612,CLG0403,M.Tech,NULL,NULL,NULL,NULL
PLC01613,CLG0404,B.Tech,NULL,NULL,NULL,NULL
PLC01614,CLG0404,B.Tech,NULL,NULL,NULL,NULL
PLC01615,CLG0404,B.Tech,NULL,NULL,NULL,NULL
PLC01616,CLG0404,M.Tech,NULL,NULL,NULL,NULL
PLC01617,CLG0405,B.Tech,NULL,NULL,NULL,NULL
PLC01618,CLG0405,B.Tech,NULL,NULL,NULL,NULL
PLC01619,CLG0405,B.Tech,NULL,NULL,NULL,NULL
PLC01620,CLG0405,M.Tech,NULL,NULL,NULL,NULL
PLC01621,CLG0406,B.Tech,NULL,NULL,NULL,NULL
PLC01622,CLG0406,B.Tech,NULL,NULL,NULL,NULL
PLC01623,CLG0406,B.Tech,NULL,NULL,NULL,NULL
PLC01624,CLG0406,M.Tech,NULL,NULL,NULL,NULL
PLC01625,CLG0407,B.Tech,NULL,NULL,NULL,NULL
PLC01626,CLG0407,B.Tech,NULL,NULL,NULL,NULL
PLC01627,CLG0407,B.Tech,NULL,NULL,NULL,NULL
PLC01628,CLG0407,M.Tech,NULL,NULL,NULL,NULL
PLC01629,CLG0408,BA (Hons),NULL,NULL,NULL,NULL
PLC01630,CLG0408,BSc (Hons),NULL,NULL,NULL,NULL
PLC01631,CLG0408,MA,NULL,NULL,NULL,NULL
PLC01632,CLG0408,MSc,NULL,NULL,NULL,NULL
PLC01633,CLG0409,B.Tech,NULL,NULL,NULL,NULL
PLC01634,CLG0409,B.Tech,NULL,NULL,NULL,NULL
PLC01635,CLG0409,B.Tech,NULL,NULL,NULL,NULL
PLC01636,CLG0409,M.Tech,NULL,NULL,NULL,NULL
PLC01637,CLG0410,BA (Hons),NULL,NULL,NULL,NULL
PLC01638,CLG0410,BSc (Hons),NULL,NULL,NULL,NULL
PLC01639,CLG0410,MA,NULL,NULL,NULL,NULL
PLC01640,CLG0410,MSc,NULL,NULL,NULL,NULL
PLC01641,CLG0411,BA (Hons),NULL,NULL,NULL,NULL
PLC01642,CLG0411,BSc (Hons),NULL,NULL,NULL,NULL
PLC01643,CLG0411,MA,NULL,NULL,NULL,NULL
PLC01644,CLG0411,MSc,NULL,NULL,NULL,NULL
PLC01645,CLG0412,BA (Hons),NULL,NULL,NULL,NULL
PLC01646,CLG0412,BSc (Hons),NULL,NULL,NULL,NULL
PLC01647,CLG0412,MA,NULL,NULL,NULL,NULL
PLC01648,CLG0412,MSc,NULL,NULL,NULL,NULL
PLC01649,CLG0413,BA (Hons),NULL,NULL,NULL,NULL
PLC01650,CLG0413,BSc (Hons),NULL,NULL,NULL,NULL
PLC01651,CLG0413,MA,NULL,NULL,NULL,NULL
PLC01652,CLG0413,MSc,NULL,NULL,NULL,NULL
PLC01653,CLG0414,B.Tech,NULL,NULL,NULL,NULL
PLC01654,CLG0414,B.Tech,NULL,NULL,NULL,NULL
PLC01655,CLG0414,B.Tech,NULL,NULL,NULL,NULL
PLC01656,CLG0414,M.Tech,NULL,NULL,NULL,NULL
PLC01657,CLG0415,BA (Hons),NULL,NULL,NULL,NULL
PLC01658,CLG0415,BSc (Hons),NULL,NULL,NULL,NULL
PLC01659,CLG0415,MA,NULL,NULL,NULL,NULL
PLC01660,CLG0415,MSc,NULL,NULL,NULL,NULL
PLC01661,CLG0416,BA (Hons),NULL,NULL,NULL,NULL
PLC01662,CLG0416,BSc (Hons),NULL,NULL,NULL,NULL
PLC01663,CLG0416,MA,NULL,NULL,NULL,NULL
PLC01664,CLG0416,MSc,NULL,NULL,NULL,NULL
PLC01665,CLG0417,BA (Hons),NULL,NULL,NULL,NULL
PLC01666,CLG0417,BSc (Hons),NULL,NULL,NULL,NULL
PLC01667,CLG0417,MA,NULL,NULL,NULL,NULL
PLC01668,CLG0417,MSc,NULL,NULL,NULL,NULL
PLC01669,CLG0418,BA (Hons),NULL,NULL,NULL,NULL
PLC01670,CLG0418,BSc (Hons),NULL,NULL,NULL,NULL
PLC01671,CLG0418,MA,NULL,NULL,NULL,NULL
PLC01672,CLG0418,MSc,NULL,NULL,NULL,NULL
PLC01673,CLG0419,B.Tech,NULL,NULL,NULL,NULL
PLC01674,CLG0419,B.Tech,NULL,NULL,NULL,NULL
PLC01675,CLG0419,B.Tech,NULL,NULL,NULL,NULL
PLC01676,CLG0419,M.Tech,NULL,NULL,NULL,NULL
PLC01677,CLG0420,B.Tech,NULL,NULL,NULL,NULL
PLC01678,CLG0420,B.Tech,NULL,NULL,NULL,NULL
PLC01679,CLG0420,B.Tech,NULL,NULL,NULL,NULL
PLC01680,CLG0420,M.Tech,NULL,NULL,NULL,NULL
PLC01681,CLG0421,BA (Hons),NULL,NULL,NULL,NULL
PLC01682,CLG0421,BSc (Hons),NULL,NULL,NULL,NULL
PLC01683,CLG0421,MA,NULL,NULL,NULL,NULL
PLC01684,CLG0421,MSc,NULL,NULL,NULL,NULL
PLC01685,CLG0422,B.Tech,NULL,NULL,NULL,NULL
PLC01686,CLG0422,B.Tech,NULL,NULL,NULL,NULL
PLC01687,CLG0422,B.Tech,NULL,NULL,NULL,NULL
PLC01688,CLG0422,M.Tech,NULL,NULL,NULL,NULL
PLC01689,CLG0423,BA (Hons),NULL,NULL,NULL,NULL
PLC01690,CLG0423,BSc (Hons),NULL,NULL,NULL,NULL
PLC01691,CLG0423,MA,NULL,NULL,NULL,NULL
PLC01692,CLG0423,MSc,NULL,NULL,NULL,NULL
PLC01693,CLG0424,BA (Hons),NULL,NULL,NULL,NULL
PLC01694,CLG0424,BSc (Hons),NULL,NULL,NULL,NULL
PLC01695,CLG0424,MA,NULL,NULL,NULL,NULL
PLC01696,CLG0424,MSc,NULL,NULL,NULL,NULL
PLC01697,CLG0425,BA (Hons),NULL,NULL,NULL,NULL
PLC01698,CLG0425,BSc (Hons),NULL,NULL,NULL,NULL
PLC01699,CLG0425,MA,NULL,NULL,NULL,NULL
PLC01700,CLG0425,MSc,NULL,NULL,NULL,NULL
PLC01701,CLG0426,BA (Hons),NULL,NULL,NULL,NULL
PLC01702,CLG0426,BSc (Hons),NULL,NULL,NULL,NULL
PLC01703,CLG0426,MA,NULL,NULL,NULL,NULL
PLC01704,CLG0426,MSc,NULL,NULL,NULL,NULL
PLC01705,CLG0427,BA (Hons),NULL,NULL,NULL,NULL
PLC01706,CLG0427,BSc (Hons),NULL,NULL,NULL,NULL
PLC01707,CLG0427,MA,NULL,NULL,NULL,NULL
PLC01708,CLG0427,MSc,NULL,NULL,NULL,NULL
PLC01709,CLG0428,MBBS,NULL,NULL,NULL,NULL
PLC01710,CLG0428,MD,NULL,NULL,NULL,NULL
PLC01711,CLG0428,MS,NULL,NULL,NULL,NULL
PLC01712,CLG0428,B.Sc Nursing,NULL,NULL,NULL,NULL
PLC01713,CLG0429,MBBS,NULL,NULL,NULL,NULL
PLC01714,CLG0429,MD,NULL,NULL,NULL,NULL
PLC01715,CLG0429,MS,NULL,NULL,NULL,NULL
PLC01716,CLG0429,B.Sc Nursing,NULL,NULL,NULL,NULL
PLC01717,CLG0430,MBBS,NULL,NULL,NULL,NULL
PLC01718,CLG0430,MD,NULL,NULL,NULL,NULL
PLC01719,CLG0430,MS,NULL,NULL,NULL,NULL
PLC01720,CLG0430,B.Sc Nursing,NULL,NULL,NULL,NULL
PLC01721,CLG0431,MBBS,NULL,NULL,NULL,NULL
PLC01722,CLG0431,MD,NULL,NULL,NULL,NULL
PLC01723,CLG0431,MS,NULL,NULL,NULL,NULL
PLC01724,CLG0431,B.Sc Nursing,NULL,NULL,NULL,NULL
PLC01725,CLG0432,MBBS,NULL,NULL,NULL,NULL
PLC01726,CLG0432,MD,NULL,NULL,NULL,NULL
PLC01727,CLG0432,MS,NULL,NULL,NULL,NULL
PLC01728,CLG0432,B.Sc Nursing,NULL,NULL,NULL,NULL
PLC01729,CLG0433,MBBS,NULL,NULL,NULL,NULL
PLC01730,CLG0433,MD,NULL,NULL,NULL,NULL
PLC01731,CLG0433,MS,NULL,NULL,NULL,NULL
PLC01732,CLG0433,B.Sc Nursing,NULL,NULL,NULL,NULL
PLC01733,CLG0434,MBBS,NULL,NULL,NULL,NULL
PLC01734,CLG0434,MD,NULL,NULL,NULL,NULL
PLC01735,CLG0434,MS,NULL,NULL,NULL,NULL
PLC01736,CLG0434,B.Sc Nursing,NULL,NULL,NULL,NULL
PLC01737,CLG0435,MBBS,NULL,NULL,NULL,NULL
PLC01738,CLG0435,MD,NULL,NULL,NULL,NULL
PLC01739,CLG0435,MS,NULL,NULL,NULL,NULL
PLC01740,CLG0435,B.Sc Nursing,NULL,NULL,NULL,NULL
PLC01741,CLG0436,MBBS,NULL,NULL,NULL,NULL
PLC01742,CLG0436,MD,NULL,NULL,NULL,NULL
PLC01743,CLG0436,MS,NULL,NULL,NULL,NULL
PLC01744,CLG0436,B.Sc Nursing,NULL,NULL,NULL,NULL
PLC01745,CLG0437,MBBS,NULL,NULL,NULL,NULL
PLC01746,CLG0437,MD,NULL,NULL,NULL,NULL
PLC01747,CLG0437,MS,NULL,NULL,NULL,NULL
PLC01748,CLG0437,B.Sc Nursing,NULL,NULL,NULL,NULL
PLC01749,CLG0438,MBBS,NULL,NULL,NULL,NULL
PLC01750,CLG0438,MD,NULL,NULL,NULL,NULL
PLC01751,CLG0438,MS,NULL,NULL,NULL,NULL
PLC01752,CLG0438,B.Sc Nursing,NULL,NULL,NULL,NULL
PLC01753,CLG0439,MBBS,NULL,NULL,NULL,NULL
PLC01754,CLG0439,MD,NULL,NULL,NULL,NULL
PLC01755,CLG0439,MS,NULL,NULL,NULL,NULL
PLC01756,CLG0439,B.Sc Nursing,NULL,NULL,NULL,NULL
PLC01757,CLG0440,MBBS,NULL,NULL,NULL,NULL
PLC01758,CLG0440,MD,NULL,NULL,NULL,NULL
PLC01759,CLG0440,MS,NULL,NULL,NULL,NULL
PLC01760,CLG0440,B.Sc Nursing,NULL,NULL,NULL,NULL
PLC01761,CLG0441,MBBS,NULL,NULL,NULL,NULL
PLC01762,CLG0441,MD,NULL,NULL,NULL,NULL
PLC01763,CLG0441,MS,NULL,NULL,NULL,NULL
PLC01764,CLG0441,B.Sc Nursing,NULL,NULL,NULL,NULL
PLC01765,CLG0442,MBBS,NULL,NULL,NULL,NULL
PLC01766,CLG0442,MD,NULL,NULL,NULL,NULL
PLC01767,CLG0442,MS,NULL,NULL,NULL,NULL
PLC01768,CLG0442,B.Sc Nursing,NULL,NULL,NULL,NULL
PLC01769,CLG0443,MBBS,NULL,NULL,NULL,NULL
PLC01770,CLG0443,MD,NULL,NULL,NULL,NULL
PLC01771,CLG0443,MS,NULL,NULL,NULL,NULL
PLC01772,CLG0443,B.Sc Nursing,NULL,NULL,NULL,NULL
PLC01773,CLG0444,MBBS,NULL,NULL,NULL,NULL
PLC01774,CLG0444,MD,NULL,NULL,NULL,NULL
PLC01775,CLG0444,MS,NULL,NULL,NULL,NULL
PLC01776,CLG0444,B.Sc Nursing,NULL,NULL,NULL,NULL
PLC01777,CLG0445,BA LLB (Hons),NULL,NULL,NULL,NULL
PLC01778,CLG0445,BBA LLB (Hons),NULL,NULL,NULL,NULL
PLC01779,CLG0445,LLM,NULL,NULL,NULL,NULL
PLC01780,CLG0445,LLM,NULL,NULL,NULL,NULL
PLC01781,CLG0446,BA LLB (Hons),NULL,NULL,NULL,NULL
PLC01782,CLG0446,BBA LLB (Hons),NULL,NULL,NULL,NULL
PLC01783,CLG0446,LLM,NULL,NULL,NULL,NULL
PLC01784,CLG0446,LLM,NULL,NULL,NULL,NULL
PLC01785,CLG0447,BA LLB (Hons),NULL,NULL,NULL,NULL
PLC01786,CLG0447,BBA LLB (Hons),NULL,NULL,NULL,NULL
PLC01787,CLG0447,LLM,NULL,NULL,NULL,NULL
PLC01788,CLG0447,LLM,NULL,NULL,NULL,NULL
PLC01789,CLG0448,BA LLB (Hons),NULL,NULL,NULL,NULL
PLC01790,CLG0448,BBA LLB (Hons),NULL,NULL,NULL,NULL
PLC01791,CLG0448,LLM,NULL,NULL,NULL,NULL
PLC01792,CLG0448,LLM,NULL,NULL,NULL,NULL
PLC01793,CLG0449,BA LLB (Hons),NULL,NULL,NULL,NULL
PLC01794,CLG0449,BBA LLB (Hons),NULL,NULL,NULL,NULL
PLC01795,CLG0449,LLM,NULL,NULL,NULL,NULL
PLC01796,CLG0449,LLM,NULL,NULL,NULL,NULL
PLC01797,CLG0450,B.Tech,NULL,NULL,NULL,NULL
PLC01798,CLG0450,B.Tech,NULL,NULL,NULL,NULL
PLC01799,CLG0450,B.Tech,NULL,NULL,NULL,NULL
PLC01800,CLG0450,M.Tech,NULL,NULL,NULL,NULL
PLC01801,CLG0451,B.Tech,NULL,NULL,NULL,NULL
PLC01802,CLG0451,B.Tech,NULL,NULL,NULL,NULL
PLC01803,CLG0451,B.Tech,NULL,NULL,NULL,NULL
PLC01804,CLG0451,M.Tech,NULL,NULL,NULL,NULL
PLC01805,CLG0452,B.Tech,NULL,NULL,NULL,NULL
PLC01806,CLG0452,B.Tech,NULL,NULL,NULL,NULL
PLC01807,CLG0452,B.Tech,NULL,NULL,NULL,NULL
PLC01808,CLG0452,M.Tech,NULL,NULL,NULL,NULL
PLC01809,CLG0453,B.Tech,NULL,NULL,NULL,NULL
PLC01810,CLG0453,B.Tech,NULL,NULL,NULL,NULL
PLC01811,CLG0453,B.Tech,NULL,NULL,NULL,NULL
PLC01812,CLG0453,M.Tech,NULL,NULL,NULL,NULL
PLC01813,CLG0454,B.Tech,NULL,NULL,NULL,NULL
PLC01814,CLG0454,B.Tech,NULL,NULL,NULL,NULL
PLC01815,CLG0454,B.Tech,NULL,NULL,NULL,NULL
PLC01816,CLG0454,M.Tech,NULL,NULL,NULL,NULL
PLC01817,CLG0455,B.Tech,NULL,NULL,NULL,NULL
PLC01818,CLG0455,B.Tech,NULL,NULL,NULL,NULL
PLC01819,CLG0455,B.Tech,NULL,NULL,NULL,NULL
PLC01820,CLG0455,M.Tech,NULL,NULL,NULL,NULL
PLC01821,CLG0456,B.Tech,NULL,NULL,NULL,NULL
PLC01822,CLG0456,B.Tech,NULL,NULL,NULL,NULL
PLC01823,CLG0456,B.Tech,NULL,NULL,NULL,NULL
PLC01824,CLG0456,M.Tech,NULL,NULL,NULL,NULL
PLC01825,CLG0457,B.Tech,NULL,NULL,NULL,NULL
PLC01826,CLG0457,B.Tech,NULL,NULL,NULL,NULL
PLC01827,CLG0457,B.Tech,NULL,NULL,NULL,NULL
PLC01828,CLG0457,M.Tech,NULL,NULL,NULL,NULL
PLC01829,CLG0458,BCom (Hons),NULL,NULL,NULL,NULL
PLC01830,CLG0458,BCom,NULL,NULL,NULL,NULL
PLC01831,CLG0458,MCom,NULL,NULL,NULL,NULL
PLC01832,CLG0458,BBA,NULL,NULL,NULL,NULL
PLC01833,CLG0459,BCom (Hons),NULL,NULL,NULL,NULL
PLC01834,CLG0459,BCom,NULL,NULL,NULL,NULL
PLC01835,CLG0459,MCom,NULL,NULL,NULL,NULL
PLC01836,CLG0459,BBA,NULL,NULL,NULL,NULL
PLC01837,CLG0460,BA (Hons),NULL,NULL,NULL,NULL
PLC01838,CLG0460,BSc (Hons),NULL,NULL,NULL,NULL
PLC01839,CLG0460,BCom (Hons),NULL,NULL,NULL,NULL
PLC01840,CLG0460,MA,NULL,NULL,NULL,NULL
PLC01841,CLG0461,BA (Hons),NULL,NULL,NULL,NULL
PLC01842,CLG0461,BSc (Hons),NULL,NULL,NULL,NULL
PLC01843,CLG0461,BCom (Hons),NULL,NULL,NULL,NULL
PLC01844,CLG0461,MA,NULL,NULL,NULL,NULL
PLC01845,CLG0462,BA (Hons),NULL,NULL,NULL,NULL
PLC01846,CLG0462,BSc (Hons),NULL,NULL,NULL,NULL
PLC01847,CLG0462,MA,NULL,NULL,NULL,NULL
PLC01848,CLG0462,MSc,NULL,NULL,NULL,NULL
PLC01849,CLG0463,B.Des,NULL,NULL,NULL,NULL
PLC01850,CLG0463,B.Des,NULL,NULL,NULL,NULL
PLC01851,CLG0463,M.Des,NULL,NULL,NULL,NULL
PLC01852,CLG0463,B.Des,NULL,NULL,NULL,NULL
PLC01853,CLG0464,B.Des,NULL,NULL,NULL,NULL
PLC01854,CLG0464,B.Des,NULL,NULL,NULL,NULL
PLC01855,CLG0464,M.Des,NULL,NULL,NULL,NULL
PLC01856,CLG0464,B.Des,NULL,NULL,NULL,NULL
PLC01857,CLG0465,B.Des,NULL,NULL,NULL,NULL
PLC01858,CLG0465,B.Des,NULL,NULL,NULL,NULL
PLC01859,CLG0465,M.Des,NULL,NULL,NULL,NULL
PLC01860,CLG0465,B.Des,NULL,NULL,NULL,NULL
PLC01861,CLG0466,B.Des,NULL,NULL,NULL,NULL
PLC01862,CLG0466,B.Des,NULL,NULL,NULL,NULL
PLC01863,CLG0466,M.Des,NULL,NULL,NULL,NULL
PLC01864,CLG0466,B.Des,NULL,NULL,NULL,NULL
PLC01865,CLG0467,B.Des,NULL,NULL,NULL,NULL
PLC01866,CLG0467,B.Des,NULL,NULL,NULL,NULL
PLC01867,CLG0467,M.Des,NULL,NULL,NULL,NULL
PLC01868,CLG0467,B.Des,NULL,NULL,NULL,NULL
PLC01869,CLG0468,B.Des,NULL,NULL,NULL,NULL
PLC01870,CLG0468,B.Des,NULL,NULL,NULL,NULL
PLC01871,CLG0468,M.Des,NULL,NULL,NULL,NULL
PLC01872,CLG0468,B.Des,NULL,NULL,NULL,NULL
PLC01873,CLG0469,PG Diploma,NULL,NULL,NULL,NULL
PLC01874,CLG0469,PG Diploma,NULL,NULL,NULL,NULL
PLC01875,CLG0469,BA (Hons),NULL,NULL,NULL,NULL
PLC01876,CLG0469,Diploma,NULL,NULL,NULL,NULL
PLC01877,CLG0470,PG Diploma,NULL,NULL,NULL,NULL
PLC01878,CLG0470,PG Diploma,NULL,NULL,NULL,NULL
PLC01879,CLG0470,BA (Hons),NULL,NULL,NULL,NULL
PLC01880,CLG0470,Diploma,NULL,NULL,NULL,NULL
PLC01881,CLG0471,PG Diploma,NULL,NULL,NULL,NULL
PLC01882,CLG0471,PG Diploma,NULL,NULL,NULL,NULL
PLC01883,CLG0471,BA (Hons),NULL,NULL,NULL,NULL
PLC01884,CLG0471,Diploma,NULL,NULL,NULL,NULL
PLC01885,CLG0472,PG Diploma,NULL,NULL,NULL,NULL
PLC01886,CLG0472,PG Diploma,NULL,NULL,NULL,NULL
PLC01887,CLG0472,BA (Hons),NULL,NULL,NULL,NULL
PLC01888,CLG0472,Diploma,NULL,NULL,NULL,NULL
PLC01889,CLG0473,B.V.Sc & AH,NULL,NULL,NULL,NULL
PLC01890,CLG0473,M.V.Sc,NULL,NULL,NULL,NULL
PLC01891,CLG0473,M.V.Sc,NULL,NULL,NULL,NULL
PLC01892,CLG0473,B.V.Sc & AH,NULL,NULL,NULL,NULL
PLC01893,CLG0474,BHM,NULL,NULL,NULL,NULL
PLC01894,CLG0474,MHM,NULL,NULL,NULL,NULL
PLC01895,CLG0474,Diploma,NULL,NULL,NULL,NULL
PLC01896,CLG0474,BHM,NULL,NULL,NULL,NULL
PLC01897,CLG0475,BHM,NULL,NULL,NULL,NULL
PLC01898,CLG0475,MHM,NULL,NULL,NULL,NULL
PLC01899,CLG0475,Diploma,NULL,NULL,NULL,NULL
PLC01900,CLG0475,BHM,NULL,NULL,NULL,NULL
PLC01901,CLG0476,BHM,NULL,NULL,NULL,NULL
PLC01902,CLG0476,MHM,NULL,NULL,NULL,NULL
PLC01903,CLG0476,Diploma,NULL,NULL,NULL,NULL
PLC01904,CLG0476,BHM,NULL,NULL,NULL,NULL
PLC01905,CLG0477,MBBS,NULL,NULL,NULL,NULL
PLC01906,CLG0477,MD,NULL,NULL,NULL,NULL
PLC01907,CLG0477,MS,NULL,NULL,NULL,NULL
PLC01908,CLG0477,B.Sc Nursing,NULL,NULL,NULL,NULL
PLC01909,CLG0478,MBBS,NULL,NULL,NULL,NULL
PLC01910,CLG0478,MD,NULL,NULL,NULL,NULL
PLC01911,CLG0478,MS,NULL,NULL,NULL,NULL
PLC01912,CLG0478,B.Sc Nursing,NULL,NULL,NULL,NULL
PLC01913,CLG0479,MBBS,NULL,NULL,NULL,NULL
PLC01914,CLG0479,MD,NULL,NULL,NULL,NULL
PLC01915,CLG0479,MS,NULL,NULL,NULL,NULL
PLC01916,CLG0479,B.Sc Nursing,NULL,NULL,NULL,NULL
PLC01917,CLG0480,MBBS,NULL,NULL,NULL,NULL
PLC01918,CLG0480,MD,NULL,NULL,NULL,NULL
PLC01919,CLG0480,MS,NULL,NULL,NULL,NULL
PLC01920,CLG0480,B.Sc Nursing,NULL,NULL,NULL,NULL
PLC01921,CLG0481,MBBS,NULL,NULL,NULL,NULL
PLC01922,CLG0481,MD,NULL,NULL,NULL,NULL
PLC01923,CLG0481,MS,NULL,NULL,NULL,NULL
PLC01924,CLG0481,B.Sc Nursing,NULL,NULL,NULL,NULL
PLC01925,CLG0482,MBBS,NULL,NULL,NULL,NULL
PLC01926,CLG0482,MD,NULL,NULL,NULL,NULL
PLC01927,CLG0482,MS,NULL,NULL,NULL,NULL
PLC01928,CLG0482,B.Sc Nursing,NULL,NULL,NULL,NULL
PLC01929,CLG0483,BA (Hons),NULL,NULL,NULL,NULL
PLC01930,CLG0483,BSc (Hons),NULL,NULL,NULL,NULL
PLC01931,CLG0483,MA,NULL,NULL,NULL,NULL
PLC01932,CLG0483,MSc,NULL,NULL,NULL,NULL
PLC01933,CLG0484,B.Tech,NULL,NULL,NULL,NULL
PLC01934,CLG0484,B.Tech,NULL,NULL,NULL,NULL
PLC01935,CLG0484,B.Tech,NULL,NULL,NULL,NULL
PLC01936,CLG0484,M.Tech,NULL,NULL,NULL,NULL
PLC01937,CLG0485,B.Tech,NULL,NULL,NULL,NULL
PLC01938,CLG0485,B.Tech,NULL,NULL,NULL,NULL
PLC01939,CLG0485,B.Tech,NULL,NULL,NULL,NULL
PLC01940,CLG0485,M.Tech,NULL,NULL,NULL,NULL
PLC01941,CLG0486,B.Tech,NULL,NULL,NULL,NULL
PLC01942,CLG0486,B.Tech,NULL,NULL,NULL,NULL
PLC01943,CLG0486,B.Tech,NULL,NULL,NULL,NULL
PLC01944,CLG0486,M.Tech,NULL,NULL,NULL,NULL
PLC01945,CLG0487,B.Tech,NULL,NULL,NULL,NULL
PLC01946,CLG0487,B.Tech,NULL,NULL,NULL,NULL
PLC01947,CLG0487,B.Tech,NULL,NULL,NULL,NULL
PLC01948,CLG0487,M.Tech,NULL,NULL,NULL,NULL
PLC01949,CLG0488,B.Tech,NULL,NULL,NULL,NULL
PLC01950,CLG0488,B.Tech,NULL,NULL,NULL,NULL
PLC01951,CLG0488,B.Tech,NULL,NULL,NULL,NULL
PLC01952,CLG0488,M.Tech,NULL,NULL,NULL,NULL
PLC01953,CLG0489,B.Tech,NULL,NULL,NULL,NULL
PLC01954,CLG0489,B.Tech,NULL,NULL,NULL,NULL
PLC01955,CLG0489,B.Tech,NULL,NULL,NULL,NULL
PLC01956,CLG0489,M.Tech,NULL,NULL,NULL,NULL
PLC01957,CLG0490,B.Tech,NULL,NULL,NULL,NULL
PLC01958,CLG0490,B.Tech,NULL,NULL,NULL,NULL
PLC01959,CLG0490,B.Tech,NULL,NULL,NULL,NULL
PLC01960,CLG0490,M.Tech,NULL,NULL,NULL,NULL
PLC01961,CLG0491,B.Tech,NULL,NULL,NULL,NULL
PLC01962,CLG0491,B.Tech,NULL,NULL,NULL,NULL
PLC01963,CLG0491,B.Tech,NULL,NULL,NULL,NULL
PLC01964,CLG0491,M.Tech,NULL,NULL,NULL,NULL
PLC01965,CLG0492,B.Tech,NULL,NULL,NULL,NULL
PLC01966,CLG0492,B.Tech,NULL,NULL,NULL,NULL
PLC01967,CLG0492,B.Tech,NULL,NULL,NULL,NULL
PLC01968,CLG0492,M.Tech,NULL,NULL,NULL,NULL
PLC01969,CLG0493,B.Tech,NULL,NULL,NULL,NULL
PLC01970,CLG0493,B.Tech,NULL,NULL,NULL,NULL
PLC01971,CLG0493,B.Tech,NULL,NULL,NULL,NULL
PLC01972,CLG0493,M.Tech,NULL,NULL,NULL,NULL
PLC01973,CLG0494,B.Tech,NULL,NULL,NULL,NULL
PLC01974,CLG0494,B.Tech,NULL,NULL,NULL,NULL
PLC01975,CLG0494,B.Tech,NULL,NULL,NULL,NULL
PLC01976,CLG0494,M.Tech,NULL,NULL,NULL,NULL
PLC01977,CLG0495,B.Tech,NULL,NULL,NULL,NULL
PLC01978,CLG0495,B.Tech,NULL,NULL,NULL,NULL
PLC01979,CLG0495,B.Tech,NULL,NULL,NULL,NULL
PLC01980,CLG0495,M.Tech,NULL,NULL,NULL,NULL
PLC01981,CLG0496,B.Tech,NULL,NULL,NULL,NULL
PLC01982,CLG0496,B.Tech,NULL,NULL,NULL,NULL
PLC01983,CLG0496,B.Tech,NULL,NULL,NULL,NULL
PLC01984,CLG0496,M.Tech,NULL,NULL,NULL,NULL
PLC01985,CLG0497,B.Tech,NULL,NULL,NULL,NULL
PLC01986,CLG0497,B.Tech,NULL,NULL,NULL,NULL
PLC01987,CLG0497,B.Tech,NULL,NULL,NULL,NULL
PLC01988,CLG0497,M.Tech,NULL,NULL,NULL,NULL
PLC01989,CLG0498,B.Tech,NULL,NULL,NULL,NULL
PLC01990,CLG0498,B.Tech,NULL,NULL,NULL,NULL
PLC01991,CLG0498,B.Tech,NULL,NULL,NULL,NULL
PLC01992,CLG0498,M.Tech,NULL,NULL,NULL,NULL
PLC01993,CLG0499,B.Tech,NULL,NULL,NULL,NULL
PLC01994,CLG0499,B.Tech,NULL,NULL,NULL,NULL
PLC01995,CLG0499,B.Tech,NULL,NULL,NULL,NULL
PLC01996,CLG0499,M.Tech,NULL,NULL,NULL,NULL
PLC01997,CLG0500,B.Tech,NULL,NULL,NULL,NULL
PLC01998,CLG0500,B.Tech,NULL,NULL,NULL,NULL
PLC01999,CLG0500,B.Tech,NULL,NULL,NULL,NULL
PLC02000,CLG0500,M.Tech,NULL,NULL,NULL,NULL
